customer_id,customer_name,segment,region_id,acquisition_date,lifetime_value,credit_score,retention_status,churn_date
CUST-0001,Titan Industries 83,Mid-Market,REG-01,2023-02-16,473694.83,817,Active,
CUST-0002,Vanguard Dynamics 22,Government,REG-03,2024-04-09,376058.0,713,Active,
CUST-0003,Synergy Dynamics 95,SMB,REG-01,2024-09-15,208744.57,756,Active,
CUST-0004,Nexus Labs 58,SMB,REG-05,2023-08-13,221153.56,835,Active,
CUST-0005,Apex Dynamics 14,SMB,REG-04,2023-10-02,66547.15,765,Active,
CUST-0006,Synergy Dynamics 93,Government,REG-04,2025-06-24,501546.42,737,Active,
CUST-0007,Nexus Dynamics 81,Startup,REG-03,2025-02-03,196146.5,849,Active,
CUST-0008,Synergy Dynamics 27,Startup,REG-04,2023-04-04,238945.54,840,Churned,2023-09-22
CUST-0009,Omni Systems 59,Government,REG-05,2024-04-24,328101.46,761,Active,
CUST-0010,Apex Systems 97,Startup,REG-03,2025-02-26,210240.45,648,Active,
CUST-0011,Nexus Labs 10,SMB,REG-05,2025-02-19,94662.97,647,Active,
CUST-0012,Quantum Digital 87,Mid-Market,REG-02,2024-01-18,529380.94,758,Active,
CUST-0013,Paramount Tech 86,SMB,REG-04,2023-01-20,77966.93,712,Active,
CUST-0014,Quantum Dynamics 17,Mid-Market,REG-05,2025-08-27,153316.38,807,Active,
CUST-0015,Vanguard Digital 26,Mid-Market,REG-04,2025-08-27,412391.98,687,Active,
CUST-0016,Titan Holdings 37,Startup,REG-02,2024-12-31,127929.07,791,Active,
CUST-0017,Horizon Digital 67,Enterprise,REG-02,2023-08-19,231022.66,625,Active,
CUST-0018,Starlight Dynamics 10,Enterprise,REG-01,2023-08-23,233975.29,628,Active,
CUST-0019,Vanguard Digital 40,SMB,REG-04,2023-08-08,184808.48,805,Active,
CUST-0020,Titan Labs 41,Government,REG-04,2023-07-14,132446.61,788,Active,
CUST-0021,Omni Holdings 69,Enterprise,REG-01,2023-03-04,527293.62,706,Active,
CUST-0022,Vanguard Dynamics 34,Mid-Market,REG-05,2024-04-04,187100.26,666,Active,
CUST-0023,Starlight Systems 66,Startup,REG-01,2023-02-21,213036.22,758,Active,
CUST-0024,Vanguard Dynamics 31,Government,REG-04,2024-05-07,186186.28,722,Active,
CUST-0025,Nexus Holdings 10,Government,REG-03,2025-08-06,442831.77,736,Active,
CUST-0026,Paramount Labs 29,Mid-Market,REG-03,2023-08-11,642790.15,768,Active,
CUST-0027,Apex Industries 17,Enterprise,REG-05,2024-05-03,614994.09,838,Active,
CUST-0028,Apex Digital 20,Mid-Market,REG-01,2024-09-01,147378.47,840,Active,
CUST-0029,Vanguard Dynamics 84,Startup,REG-01,2024-09-26,70495.85,788,Active,
CUST-0030,Paramount Industries 43,Mid-Market,REG-03,2023-09-02,256087.98,653,Active,
CUST-0031,Quantum Labs 50,Enterprise,REG-01,2024-04-14,718514.35,764,Active,
CUST-0032,Vanguard Digital 37,Startup,REG-03,2023-05-16,283314.84,845,Churned,2023-12-17
CUST-0033,Synergy Enterprises 30,Government,REG-05,2024-12-21,226132.71,826,Active,
CUST-0034,Apex Digital 48,Enterprise,REG-02,2023-09-28,276000.09,647,Active,
CUST-0035,Nexus Enterprises 46,Startup,REG-02,2025-01-04,135720.07,795,Active,
CUST-0036,Quantum Digital 72,SMB,REG-01,2023-04-05,208571.11,832,Active,
CUST-0037,Apex Industries 26,SMB,REG-02,2025-01-29,160458.88,800,Active,
CUST-0038,Apex Systems 19,Mid-Market,REG-05,2023-02-06,569027.26,769,Active,
CUST-0039,Omni Solutions 15,SMB,REG-03,2025-07-09,283272.0,840,Churned,2026-04-08
CUST-0040,Starlight Dynamics 95,Enterprise,REG-03,2025-03-09,664898.08,843,Active,
CUST-0041,Titan Solutions 40,Mid-Market,REG-02,2025-06-21,336761.93,665,Active,
CUST-0042,Synergy Holdings 95,Mid-Market,REG-03,2023-06-13,543055.98,647,Active,
CUST-0043,Apex Labs 38,Mid-Market,REG-04,2023-12-25,277854.98,823,Active,
CUST-0044,Starlight Tech 94,Mid-Market,REG-04,2023-12-03,263231.68,637,Active,
CUST-0045,Quantum Industries 92,Startup,REG-04,2024-11-26,295287.42,757,Active,
CUST-0046,Apex Systems 43,Mid-Market,REG-05,2025-09-12,650952.82,629,Churned,2026-07-21
CUST-0047,Synergy Industries 65,Startup,REG-05,2023-04-29,146298.86,767,Active,
CUST-0048,Apex Holdings 10,Startup,REG-05,2024-12-04,229857.5,809,Active,
CUST-0049,Starlight Industries 65,Enterprise,REG-03,2024-09-30,449676.19,837,Active,
CUST-0050,Quantum Digital 49,Government,REG-03,2024-02-17,403743.79,761,Active,
CUST-0051,Omni Holdings 96,Mid-Market,REG-05,2024-08-05,275522.43,760,Active,
CUST-0052,Quantum Enterprises 36,Government,REG-05,2024-09-13,384617.53,739,Active,
CUST-0053,Starlight Digital 70,Mid-Market,REG-01,2023-10-18,393498.61,782,Active,
CUST-0054,Vanguard Dynamics 96,SMB,REG-02,2025-04-05,99782.48,626,Churned,2026-03-04
CUST-0055,Titan Systems 68,Government,REG-05,2023-07-19,413255.66,718,Active,
CUST-0056,Starlight Solutions 93,Enterprise,REG-01,2025-03-08,547002.92,665,Active,
CUST-0057,Paramount Labs 16,Startup,REG-02,2025-07-28,262084.09,736,Active,
CUST-0058,Horizon Digital 81,Startup,REG-03,2025-08-30,238812.5,733,Active,
CUST-0059,Paramount Holdings 80,Government,REG-02,2025-01-31,477672.71,735,Active,
CUST-0060,Starlight Enterprises 76,Government,REG-02,2023-10-09,287942.67,802,Active,
CUST-0061,Quantum Industries 50,Startup,REG-01,2023-05-22,87707.66,718,Active,
CUST-0062,Starlight Systems 63,Government,REG-03,2024-07-09,299665.94,635,Active,
CUST-0063,Omni Holdings 84,Enterprise,REG-05,2024-01-25,592357.27,710,Active,
CUST-0064,Omni Holdings 78,Startup,REG-05,2025-07-08,105134.67,676,Active,
CUST-0065,Horizon Tech 59,SMB,REG-04,2025-01-11,91261.18,739,Active,
CUST-0066,Titan Digital 13,Government,REG-05,2024-07-31,388349.89,641,Active,
CUST-0067,Nexus Labs 33,Enterprise,REG-03,2024-01-24,461433.58,736,Active,
CUST-0068,Omni Enterprises 63,SMB,REG-01,2024-04-26,54845.82,758,Churned,2025-01-20
CUST-0069,Starlight Systems 93,Enterprise,REG-01,2025-08-30,391372.89,834,Churned,2026-02-14
CUST-0070,Starlight Solutions 70,Enterprise,REG-05,2025-08-28,365718.97,799,Active,
CUST-0071,Synergy Solutions 87,Startup,REG-01,2025-03-07,254825.29,699,Churned,2025-06-18
CUST-0072,Quantum Holdings 60,Mid-Market,REG-01,2024-08-29,489837.93,780,Active,
CUST-0073,Quantum Systems 82,Enterprise,REG-03,2024-06-29,549830.76,714,Churned,2025-03-20
CUST-0074,Apex Holdings 72,Enterprise,REG-04,2025-09-10,491914.53,848,Active,
CUST-0075,Nexus Holdings 32,Startup,REG-03,2024-09-22,252049.8,757,Active,
CUST-0076,Horizon Holdings 85,SMB,REG-03,2025-05-22,111373.79,642,Active,
CUST-0077,Horizon Dynamics 69,Startup,REG-05,2024-11-15,144747.33,627,Active,
CUST-0078,Synergy Solutions 72,Mid-Market,REG-03,2025-03-27,252093.82,691,Active,
CUST-0079,Quantum Digital 11,Startup,REG-02,2023-03-29,110339.01,724,Active,
CUST-0080,Starlight Labs 92,Government,REG-04,2025-03-22,97759.47,695,Active,
CUST-0081,Starlight Enterprises 94,Startup,REG-03,2024-04-29,188368.24,708,Active,
CUST-0082,Paramount Industries 55,Government,REG-03,2023-11-10,203131.65,650,Active,
CUST-0083,Synergy Systems 78,Mid-Market,REG-02,2023-08-10,516232.56,690,Active,
CUST-0084,Paramount Enterprises 22,Mid-Market,REG-03,2023-08-21,308484.59,697,Churned,2024-08-18
CUST-0085,Nexus Enterprises 15,Enterprise,REG-05,2023-10-27,785240.22,652,Active,
CUST-0086,Horizon Systems 11,Startup,REG-03,2024-04-25,169678.55,707,Active,
CUST-0087,Apex Enterprises 71,Enterprise,REG-01,2024-02-15,605278.24,767,Active,
CUST-0088,Apex Solutions 29,Startup,REG-03,2023-03-29,298479.53,650,Active,
CUST-0089,Omni Dynamics 76,Government,REG-04,2025-07-19,289224.45,840,Active,
CUST-0090,Omni Enterprises 82,Startup,REG-01,2024-09-16,290027.19,645,Active,
CUST-0091,Starlight Dynamics 43,Enterprise,REG-02,2023-09-03,327086.85,639,Active,
CUST-0092,Omni Labs 98,Startup,REG-04,2023-10-26,58159.96,693,Active,
CUST-0093,Horizon Systems 97,Mid-Market,REG-03,2025-03-17,545186.26,770,Active,
CUST-0094,Starlight Holdings 24,Startup,REG-02,2024-10-25,87247.35,688,Active,
CUST-0095,Vanguard Tech 31,SMB,REG-05,2025-02-05,256060.08,693,Active,
CUST-0096,Horizon Enterprises 99,Government,REG-03,2024-05-27,332991.7,732,Churned,2024-09-14
CUST-0097,Omni Industries 87,SMB,REG-01,2023-04-04,107231.1,792,Active,
CUST-0098,Titan Tech 96,SMB,REG-05,2023-02-11,240777.25,664,Active,
CUST-0099,Horizon Enterprises 33,Startup,REG-04,2024-10-12,253561.24,643,Active,
CUST-0100,Omni Industries 51,Enterprise,REG-02,2023-12-04,535189.45,746,Active,
CUST-0101,Omni Digital 14,Government,REG-01,2023-11-19,203579.48,649,Active,
CUST-0102,Omni Digital 10,Startup,REG-04,2024-02-28,63551.02,752,Active,
CUST-0103,Horizon Labs 16,Mid-Market,REG-03,2024-07-16,182057.28,693,Active,
CUST-0104,Horizon Systems 13,Startup,REG-02,2024-12-27,89594.54,761,Churned,2025-10-21
CUST-0105,Vanguard Dynamics 24,Government,REG-01,2024-10-25,464464.43,747,Active,
CUST-0106,Quantum Digital 44,Government,REG-04,2025-09-30,302498.9,736,Active,
CUST-0107,Omni Dynamics 86,Startup,REG-02,2025-06-03,67452.52,817,Active,
CUST-0108,Omni Industries 74,SMB,REG-01,2023-10-17,231512.75,834,Active,
CUST-0109,Horizon Solutions 67,Startup,REG-04,2023-12-20,133109.99,815,Active,
CUST-0110,Horizon Industries 34,Mid-Market,REG-05,2024-01-28,238459.35,818,Active,
CUST-0111,Synergy Labs 58,Government,REG-02,2024-05-22,524171.0,652,Active,
CUST-0112,Titan Industries 22,Government,REG-01,2024-06-22,499698.75,623,Active,
CUST-0113,Omni Solutions 19,Government,REG-03,2023-12-13,370466.73,721,Active,
CUST-0114,Synergy Digital 58,SMB,REG-04,2025-06-12,185254.0,778,Churned,2026-02-04
CUST-0115,Starlight Systems 65,Enterprise,REG-01,2024-03-30,320569.19,696,Active,
CUST-0116,Apex Industries 17,SMB,REG-03,2024-01-19,157671.7,682,Active,
CUST-0117,Titan Solutions 31,Mid-Market,REG-01,2024-09-16,588961.78,778,Active,
CUST-0118,Horizon Solutions 39,Government,REG-03,2024-04-15,204897.02,622,Active,
CUST-0119,Horizon Enterprises 96,Startup,REG-02,2023-03-17,160432.45,708,Active,
CUST-0120,Quantum Holdings 98,SMB,REG-04,2025-05-15,125530.42,718,Active,
CUST-0121,Vanguard Dynamics 58,Startup,REG-03,2024-08-11,123968.1,799,Active,
CUST-0122,Omni Enterprises 11,Startup,REG-01,2025-07-21,201601.62,747,Active,
CUST-0123,Quantum Dynamics 87,SMB,REG-02,2024-10-13,97533.0,684,Active,
CUST-0124,Nexus Systems 90,Enterprise,REG-03,2025-03-18,560720.29,768,Active,
CUST-0125,Nexus Systems 47,SMB,REG-04,2023-06-29,100198.7,821,Active,
CUST-0126,Synergy Digital 74,SMB,REG-02,2023-09-21,278512.24,743,Active,
CUST-0127,Quantum Industries 24,Government,REG-01,2023-05-25,429368.17,677,Active,
CUST-0128,Omni Digital 56,Enterprise,REG-04,2023-01-15,406401.26,651,Active,
CUST-0129,Quantum Holdings 91,SMB,REG-01,2024-11-22,108455.48,626,Active,
CUST-0130,Paramount Industries 88,Mid-Market,REG-01,2024-10-12,563120.44,799,Active,
CUST-0131,Omni Systems 27,Enterprise,REG-01,2023-11-08,1046436.45,649,Churned,2024-11-07
CUST-0132,Nexus Holdings 68,SMB,REG-05,2024-03-05,196835.09,806,Active,
CUST-0133,Omni Systems 72,Startup,REG-04,2025-08-19,287880.38,628,Active,
CUST-0134,Starlight Labs 66,Mid-Market,REG-03,2023-04-12,649510.25,714,Active,
CUST-0135,Synergy Tech 60,SMB,REG-02,2025-09-18,80539.93,837,Active,
CUST-0136,Vanguard Dynamics 92,Startup,REG-01,2023-02-21,246698.65,682,Active,
CUST-0137,Titan Dynamics 18,Startup,REG-02,2024-08-23,103987.84,842,Active,
CUST-0138,Nexus Tech 45,Mid-Market,REG-02,2024-07-07,247859.81,664,Churned,2024-10-18
CUST-0139,Nexus Tech 55,Mid-Market,REG-05,2023-11-28,118679.6,687,Churned,2024-09-28
CUST-0140,Paramount Systems 18,Government,REG-04,2025-03-07,252917.54,771,Churned,2026-02-17
CUST-0141,Starlight Tech 94,Startup,REG-03,2024-04-14,210835.17,627,Churned,2025-03-15
CUST-0142,Omni Holdings 97,Enterprise,REG-04,2024-12-30,970988.23,638,Active,
CUST-0143,Synergy Solutions 18,Mid-Market,REG-03,2024-10-01,458192.2,760,Active,
CUST-0144,Omni Digital 47,Government,REG-05,2024-09-11,283589.7,823,Active,
CUST-0145,Paramount Dynamics 65,Government,REG-02,2024-02-28,242519.23,736,Active,
CUST-0146,Vanguard Industries 64,SMB,REG-03,2024-01-19,288398.13,795,Active,
CUST-0147,Vanguard Systems 20,Enterprise,REG-04,2023-04-09,826515.35,715,Active,
CUST-0148,Paramount Tech 85,Startup,REG-05,2023-12-04,217503.32,725,Active,
CUST-0149,Omni Tech 46,Startup,REG-03,2023-12-27,75900.14,749,Active,
CUST-0150,Horizon Dynamics 23,SMB,REG-05,2024-01-12,78721.33,691,Active,
CUST-0151,Omni Digital 89,Startup,REG-05,2023-01-27,202248.73,788,Active,
CUST-0152,Quantum Tech 33,SMB,REG-03,2025-08-01,134956.16,621,Active,
CUST-0153,Nexus Holdings 18,Mid-Market,REG-01,2023-04-04,520361.47,675,Active,
CUST-0154,Horizon Industries 30,SMB,REG-03,2025-01-08,131095.72,765,Active,
CUST-0155,Apex Solutions 30,Startup,REG-01,2024-11-21,70395.38,733,Active,
CUST-0156,Horizon Labs 63,SMB,REG-02,2025-02-12,178086.58,708,Active,
CUST-0157,Quantum Labs 77,SMB,REG-01,2023-08-14,148815.85,773,Churned,2024-02-24
CUST-0158,Quantum Dynamics 27,SMB,REG-03,2023-12-02,79996.09,747,Active,
CUST-0159,Nexus Solutions 58,Startup,REG-02,2024-05-27,189680.89,791,Active,
CUST-0160,Vanguard Holdings 15,Government,REG-01,2024-04-15,504523.1,840,Active,
CUST-0161,Omni Holdings 91,Government,REG-03,2023-04-28,272264.54,703,Active,
CUST-0162,Titan Labs 98,SMB,REG-01,2024-03-23,261121.09,682,Active,
CUST-0163,Omni Digital 20,Government,REG-03,2025-02-02,242780.98,705,Active,
CUST-0164,Vanguard Digital 91,Enterprise,REG-05,2024-06-06,344665.74,818,Active,
CUST-0165,Nexus Dynamics 23,Mid-Market,REG-03,2023-07-22,205424.46,659,Active,
CUST-0166,Vanguard Solutions 90,Government,REG-04,2025-02-11,343680.97,768,Active,
CUST-0167,Titan Industries 90,SMB,REG-02,2024-03-26,67071.56,733,Active,
CUST-0168,Quantum Tech 55,Startup,REG-01,2023-11-14,165435.62,629,Churned,2024-07-07
CUST-0169,Vanguard Systems 88,Startup,REG-05,2024-01-29,165677.91,761,Active,
CUST-0170,Apex Labs 83,Mid-Market,REG-03,2024-09-11,371595.97,658,Active,
CUST-0171,Horizon Systems 53,Enterprise,REG-05,2024-10-23,325989.05,683,Active,
CUST-0172,Horizon Digital 76,Startup,REG-02,2024-01-08,143213.0,692,Active,
CUST-0173,Synergy Tech 90,SMB,REG-01,2023-12-04,73626.49,793,Active,
CUST-0174,Quantum Solutions 52,Enterprise,REG-05,2024-11-10,298749.83,709,Active,
CUST-0175,Omni Solutions 86,Enterprise,REG-03,2024-07-26,504594.39,822,Active,
CUST-0176,Nexus Digital 21,Government,REG-05,2024-01-06,98203.74,699,Active,
CUST-0177,Starlight Industries 72,Mid-Market,REG-02,2023-05-21,195219.85,695,Active,
CUST-0178,Vanguard Digital 79,Startup,REG-01,2024-11-08,134191.09,816,Active,
CUST-0179,Titan Holdings 29,Mid-Market,REG-02,2025-05-01,491065.1,779,Active,
CUST-0180,Nexus Labs 15,Government,REG-03,2024-11-23,413813.55,733,Active,
CUST-0181,Horizon Dynamics 78,Mid-Market,REG-03,2025-09-15,554743.13,740,Active,
CUST-0182,Starlight Industries 96,Startup,REG-04,2024-04-17,242359.64,819,Active,
CUST-0183,Paramount Holdings 30,Mid-Market,REG-05,2023-05-22,590151.06,633,Active,
CUST-0184,Synergy Digital 23,Startup,REG-01,2023-10-19,70968.78,661,Active,
CUST-0185,Paramount Solutions 65,Enterprise,REG-02,2025-04-16,569736.99,709,Active,
CUST-0186,Omni Tech 60,Startup,REG-03,2023-08-30,146541.53,640,Active,
CUST-0187,Apex Industries 22,SMB,REG-02,2023-05-21,59575.8,832,Active,
CUST-0188,Nexus Labs 67,Startup,REG-01,2025-07-16,69806.44,685,Active,
CUST-0189,Nexus Digital 87,Startup,REG-04,2023-04-24,244043.16,680,Active,
CUST-0190,Apex Dynamics 63,Startup,REG-04,2023-03-06,77714.47,747,Active,
CUST-0191,Apex Digital 83,Mid-Market,REG-02,2023-10-26,346081.39,777,Active,
CUST-0192,Titan Holdings 33,Enterprise,REG-05,2025-09-25,490528.29,754,Active,
CUST-0193,Paramount Digital 12,Government,REG-04,2023-02-14,376051.86,715,Active,
CUST-0194,Apex Industries 18,SMB,REG-02,2025-01-20,214276.1,646,Active,
CUST-0195,Synergy Solutions 15,SMB,REG-05,2023-12-13,253377.22,664,Active,
CUST-0196,Horizon Labs 90,Mid-Market,REG-02,2023-03-06,503824.78,737,Churned,2023-09-15
CUST-0197,Apex Dynamics 15,SMB,REG-03,2024-06-11,149556.01,828,Active,
CUST-0198,Quantum Tech 92,Mid-Market,REG-03,2024-01-01,584176.19,632,Active,
CUST-0199,Synergy Enterprises 25,SMB,REG-04,2025-06-29,150005.44,732,Active,
CUST-0200,Omni Industries 33,Government,REG-04,2024-01-12,505939.71,752,Active,
CUST-0201,Vanguard Holdings 20,Government,REG-05,2025-04-22,171205.42,695,Active,
CUST-0202,Vanguard Industries 94,SMB,REG-03,2024-04-01,200655.41,729,Active,
CUST-0203,Horizon Industries 67,Enterprise,REG-03,2024-09-21,1048381.77,690,Active,
CUST-0204,Apex Systems 95,Government,REG-03,2024-06-09,450493.19,793,Active,
CUST-0205,Apex Solutions 87,Government,REG-01,2023-05-10,120255.01,819,Active,
CUST-0206,Synergy Holdings 82,Enterprise,REG-05,2023-06-07,769179.3,714,Active,
CUST-0207,Vanguard Solutions 77,SMB,REG-04,2023-11-18,212390.18,683,Active,
CUST-0208,Apex Solutions 73,Startup,REG-04,2025-07-24,190418.18,687,Active,
CUST-0209,Horizon Dynamics 88,SMB,REG-04,2023-07-24,80659.36,838,Churned,2024-01-18
CUST-0210,Horizon Systems 97,SMB,REG-03,2024-12-27,66234.77,758,Active,
CUST-0211,Quantum Solutions 99,Mid-Market,REG-03,2024-06-04,233332.89,671,Active,
CUST-0212,Starlight Labs 13,SMB,REG-05,2024-08-09,142227.79,825,Active,
CUST-0213,Nexus Systems 18,SMB,REG-04,2025-01-04,229717.41,754,Active,
CUST-0214,Omni Systems 26,SMB,REG-01,2024-04-05,166458.3,752,Active,
CUST-0215,Paramount Solutions 26,Government,REG-05,2025-07-21,480695.23,832,Active,
CUST-0216,Nexus Enterprises 31,Mid-Market,REG-03,2025-08-15,500132.67,708,Active,
CUST-0217,Paramount Enterprises 20,SMB,REG-02,2024-10-12,289087.91,690,Active,
CUST-0218,Quantum Digital 21,Startup,REG-02,2024-08-29,285401.75,659,Active,
CUST-0219,Titan Industries 82,Enterprise,REG-01,2023-03-25,214779.08,784,Active,
CUST-0220,Quantum Dynamics 83,Government,REG-05,2024-10-16,103628.65,847,Active,
CUST-0221,Quantum Enterprises 71,Mid-Market,REG-04,2023-11-01,359449.27,796,Churned,2024-09-11
CUST-0222,Omni Labs 69,Mid-Market,REG-03,2024-09-13,189017.78,840,Active,
CUST-0223,Synergy Holdings 26,SMB,REG-05,2024-07-29,76545.98,681,Active,
CUST-0224,Quantum Labs 41,Mid-Market,REG-01,2023-02-21,269616.6,718,Active,
CUST-0225,Omni Dynamics 30,SMB,REG-05,2025-01-08,128178.73,815,Active,
CUST-0226,Paramount Labs 73,SMB,REG-04,2023-01-24,72512.27,720,Active,
CUST-0227,Starlight Dynamics 84,SMB,REG-01,2023-02-21,120339.08,772,Active,
CUST-0228,Horizon Enterprises 78,Enterprise,REG-01,2024-03-17,292193.08,687,Active,
CUST-0229,Omni Industries 15,Government,REG-01,2024-08-06,342817.59,712,Active,
CUST-0230,Vanguard Holdings 74,Government,REG-05,2023-10-14,461390.09,779,Active,
CUST-0231,Vanguard Solutions 22,Government,REG-03,2025-03-24,534054.45,762,Active,
CUST-0232,Nexus Dynamics 87,Startup,REG-04,2024-05-27,60063.73,629,Active,
CUST-0233,Synergy Labs 76,Government,REG-02,2024-09-12,491909.26,655,Active,
CUST-0234,Titan Industries 30,Government,REG-05,2025-01-27,469170.87,771,Active,
CUST-0235,Paramount Digital 72,Startup,REG-03,2024-05-01,253937.21,714,Active,
CUST-0236,Vanguard Holdings 84,SMB,REG-01,2024-09-03,168647.55,787,Active,
CUST-0237,Titan Dynamics 16,Startup,REG-04,2023-06-24,181058.08,804,Active,
CUST-0238,Omni Solutions 97,Mid-Market,REG-01,2024-08-09,631512.84,648,Active,
CUST-0239,Horizon Industries 63,Mid-Market,REG-04,2024-12-08,222140.43,748,Active,
CUST-0240,Horizon Tech 27,Startup,REG-02,2024-07-28,131262.38,789,Active,
CUST-0241,Omni Industries 32,Government,REG-05,2023-12-17,335822.95,793,Active,
CUST-0242,Quantum Labs 34,Mid-Market,REG-03,2024-07-25,274174.54,696,Active,
CUST-0243,Starlight Labs 50,Government,REG-03,2024-07-27,510165.17,823,Active,
CUST-0244,Quantum Systems 83,Startup,REG-04,2025-07-06,295040.13,829,Active,
CUST-0245,Nexus Enterprises 15,SMB,REG-01,2023-12-21,281002.41,787,Active,
CUST-0246,Horizon Dynamics 35,Startup,REG-03,2025-08-13,190504.5,689,Active,
CUST-0247,Titan Dynamics 41,Enterprise,REG-05,2023-08-20,733201.5,633,Churned,2024-05-05
CUST-0248,Horizon Systems 97,Mid-Market,REG-01,2025-09-14,412693.91,660,Active,
CUST-0249,Horizon Labs 93,Mid-Market,REG-03,2023-11-25,266978.44,635,Active,
CUST-0250,Vanguard Dynamics 78,Enterprise,REG-02,2024-03-03,946964.35,665,Active,
CUST-0251,Apex Holdings 73,Mid-Market,REG-03,2025-06-16,130606.4,696,Active,
CUST-0252,Vanguard Industries 46,Government,REG-05,2024-06-20,312260.59,654,Active,
CUST-0253,Horizon Enterprises 34,Enterprise,REG-03,2023-06-16,814729.33,785,Active,
CUST-0254,Nexus Tech 53,SMB,REG-05,2024-11-21,239320.69,664,Active,
CUST-0255,Omni Holdings 75,SMB,REG-01,2024-02-15,217313.96,667,Active,
CUST-0256,Horizon Industries 41,Enterprise,REG-03,2024-01-28,381081.1,812,Active,
CUST-0257,Synergy Enterprises 84,Startup,REG-01,2023-09-25,213420.84,797,Active,
CUST-0258,Vanguard Labs 49,Mid-Market,REG-04,2024-12-03,386386.26,849,Active,
CUST-0259,Quantum Systems 91,SMB,REG-03,2024-09-21,105212.31,654,Active,
CUST-0260,Horizon Industries 63,Startup,REG-04,2025-02-14,184379.42,790,Active,
CUST-0261,Starlight Systems 77,Government,REG-05,2024-12-21,252803.19,764,Churned,2025-12-26
CUST-0262,Paramount Dynamics 83,Startup,REG-02,2023-06-18,132029.41,753,Active,
CUST-0263,Starlight Labs 21,Startup,REG-04,2025-04-08,63908.95,653,Active,
CUST-0264,Horizon Tech 81,Government,REG-03,2025-01-10,99796.71,685,Active,
CUST-0265,Starlight Systems 15,Government,REG-03,2024-12-18,118691.96,635,Active,
CUST-0266,Vanguard Labs 14,SMB,REG-04,2023-07-04,242243.02,816,Active,
CUST-0267,Omni Industries 58,Government,REG-04,2024-01-20,126112.5,789,Active,
CUST-0268,Nexus Industries 25,Mid-Market,REG-05,2024-02-07,400863.4,806,Active,
CUST-0269,Apex Tech 48,Government,REG-05,2024-03-10,329370.12,830,Active,
CUST-0270,Horizon Industries 29,SMB,REG-02,2025-08-17,268802.04,815,Churned,2026-06-17
CUST-0271,Titan Tech 40,Mid-Market,REG-01,2023-04-14,436669.28,734,Active,
CUST-0272,Apex Dynamics 15,Government,REG-04,2023-08-28,332891.91,813,Active,
CUST-0273,Apex Solutions 74,SMB,REG-02,2025-04-15,279099.26,767,Active,
CUST-0274,Titan Industries 40,SMB,REG-02,2024-11-07,180312.76,725,Active,
CUST-0275,Apex Digital 85,Mid-Market,REG-04,2024-07-23,382591.43,708,Active,
CUST-0276,Omni Digital 50,Government,REG-04,2023-06-02,224949.82,667,Active,
CUST-0277,Horizon Dynamics 38,SMB,REG-02,2025-04-05,165756.29,634,Active,
CUST-0278,Omni Digital 77,Mid-Market,REG-04,2023-09-06,250247.61,704,Active,
CUST-0279,Horizon Industries 21,Startup,REG-02,2023-02-22,117115.4,792,Active,
CUST-0280,Apex Systems 34,Startup,REG-05,2023-08-11,169848.55,842,Active,
CUST-0281,Quantum Tech 37,Mid-Market,REG-01,2025-02-03,659764.6,742,Active,
CUST-0282,Titan Dynamics 60,Mid-Market,REG-05,2023-11-26,536532.64,717,Active,
CUST-0283,Synergy Enterprises 43,SMB,REG-05,2025-06-22,174319.32,645,Active,
CUST-0284,Horizon Industries 36,SMB,REG-03,2024-02-28,61428.86,841,Active,
CUST-0285,Nexus Tech 43,Startup,REG-05,2024-08-16,230002.98,695,Active,
CUST-0286,Synergy Dynamics 58,Startup,REG-02,2024-05-26,187660.63,795,Active,
CUST-0287,Horizon Labs 68,Mid-Market,REG-03,2023-06-23,186977.19,759,Active,
CUST-0288,Paramount Tech 77,Enterprise,REG-01,2025-08-25,890746.42,632,Active,
CUST-0289,Omni Solutions 90,Mid-Market,REG-01,2024-12-25,193066.31,675,Active,
CUST-0290,Synergy Tech 89,Startup,REG-04,2024-11-06,171963.6,621,Active,
CUST-0291,Omni Tech 12,Startup,REG-03,2024-07-02,294369.84,624,Active,
CUST-0292,Omni Solutions 23,Enterprise,REG-05,2023-06-02,385847.73,778,Active,
CUST-0293,Synergy Enterprises 60,Enterprise,REG-03,2025-09-09,530273.98,764,Active,
CUST-0294,Starlight Enterprises 97,Enterprise,REG-01,2023-04-06,529618.51,716,Active,
CUST-0295,Apex Tech 99,Mid-Market,REG-01,2024-05-26,574931.39,785,Active,
CUST-0296,Titan Systems 77,Enterprise,REG-02,2023-08-05,963613.84,797,Active,
CUST-0297,Horizon Enterprises 15,Enterprise,REG-03,2025-07-09,650151.86,788,Churned,2026-03-17
CUST-0298,Apex Dynamics 85,Mid-Market,REG-04,2025-08-09,152315.62,661,Active,
CUST-0299,Titan Holdings 96,Startup,REG-03,2024-01-29,238902.32,655,Active,
CUST-0300,Vanguard Digital 54,Enterprise,REG-01,2024-03-23,378126.0,639,Active,
CUST-0301,Titan Holdings 51,Enterprise,REG-03,2025-03-13,1043512.64,745,Active,
CUST-0302,Paramount Holdings 65,Mid-Market,REG-05,2024-11-07,319039.99,817,Active,
CUST-0303,Starlight Systems 20,SMB,REG-02,2024-01-25,227919.29,782,Active,
CUST-0304,Omni Industries 56,Enterprise,REG-01,2023-01-06,1000090.2,733,Active,
CUST-0305,Quantum Systems 26,Enterprise,REG-02,2024-03-17,567738.22,762,Active,
CUST-0306,Vanguard Tech 21,SMB,REG-05,2023-04-06,199231.14,820,Active,
CUST-0307,Omni Tech 47,Government,REG-04,2025-03-08,128114.78,850,Active,
CUST-0308,Starlight Digital 31,Government,REG-02,2023-05-23,211013.53,688,Active,
CUST-0309,Vanguard Solutions 65,SMB,REG-04,2023-11-03,171057.83,639,Active,
CUST-0310,Starlight Labs 86,Startup,REG-02,2024-04-13,76743.09,697,Churned,2025-01-30
CUST-0311,Synergy Holdings 52,Government,REG-03,2024-03-16,456963.96,840,Active,
CUST-0312,Titan Solutions 48,SMB,REG-05,2025-08-28,223823.07,742,Active,
CUST-0313,Omni Industries 47,Government,REG-05,2025-03-11,199090.93,716,Active,
CUST-0314,Omni Industries 24,Startup,REG-02,2024-08-29,299316.23,666,Active,
CUST-0315,Paramount Tech 69,Mid-Market,REG-04,2025-03-27,270232.16,797,Churned,2026-01-20
CUST-0316,Horizon Solutions 91,SMB,REG-02,2023-09-16,214665.74,803,Active,
CUST-0317,Omni Systems 67,Startup,REG-04,2024-08-19,150201.27,749,Active,
CUST-0318,Omni Digital 14,SMB,REG-05,2024-08-31,209545.09,641,Churned,2025-04-05
CUST-0319,Synergy Solutions 92,Startup,REG-01,2024-07-30,295902.05,793,Active,
CUST-0320,Synergy Holdings 23,Enterprise,REG-01,2023-09-22,369250.94,811,Active,
CUST-0321,Titan Dynamics 67,SMB,REG-04,2024-04-19,243085.56,770,Active,
CUST-0322,Nexus Industries 13,Government,REG-01,2023-10-30,277188.94,641,Churned,2024-04-09
CUST-0323,Synergy Enterprises 53,Government,REG-02,2024-06-17,307316.7,741,Churned,2025-05-04
CUST-0324,Synergy Systems 48,Enterprise,REG-01,2023-01-24,918032.51,785,Churned,2023-07-17
CUST-0325,Starlight Digital 32,Startup,REG-02,2023-12-05,189962.24,738,Active,
CUST-0326,Omni Solutions 33,Government,REG-04,2023-01-30,421824.77,846,Active,
CUST-0327,Titan Holdings 59,Enterprise,REG-02,2023-07-30,418551.73,800,Active,
CUST-0328,Vanguard Systems 78,Mid-Market,REG-03,2023-11-30,218390.85,649,Active,
CUST-0329,Horizon Digital 91,SMB,REG-05,2024-02-02,202827.11,770,Churned,2024-10-29
CUST-0330,Horizon Solutions 96,SMB,REG-05,2024-08-27,71187.99,654,Active,
CUST-0331,Starlight Enterprises 24,Mid-Market,REG-03,2024-12-11,187747.2,719,Active,
CUST-0332,Nexus Holdings 64,Mid-Market,REG-04,2024-10-12,405558.6,785,Active,
CUST-0333,Nexus Digital 31,Government,REG-03,2023-05-24,174194.36,835,Active,
CUST-0334,Apex Industries 11,Government,REG-02,2023-07-19,456847.17,763,Active,
CUST-0335,Horizon Holdings 97,Government,REG-04,2024-12-28,467951.31,745,Active,
CUST-0336,Titan Tech 38,SMB,REG-01,2023-10-09,106210.85,693,Active,
CUST-0337,Horizon Labs 80,Startup,REG-01,2024-08-09,78551.66,818,Active,
CUST-0338,Synergy Digital 15,Government,REG-05,2023-08-12,535399.08,646,Active,
CUST-0339,Starlight Enterprises 14,Government,REG-03,2023-12-23,477989.83,642,Active,
CUST-0340,Vanguard Dynamics 36,Startup,REG-03,2025-05-31,227688.49,781,Active,
CUST-0341,Titan Solutions 36,Mid-Market,REG-01,2024-08-06,302948.51,691,Active,
CUST-0342,Nexus Industries 47,SMB,REG-05,2023-10-01,288099.34,751,Active,
CUST-0343,Vanguard Solutions 62,Enterprise,REG-03,2025-06-06,748909.24,799,Active,
CUST-0344,Starlight Solutions 51,Mid-Market,REG-04,2024-05-16,188194.4,781,Active,
CUST-0345,Omni Holdings 67,Enterprise,REG-01,2024-02-17,626161.79,691,Active,
CUST-0346,Synergy Labs 72,SMB,REG-05,2023-01-03,267226.94,836,Active,
CUST-0347,Horizon Industries 18,Startup,REG-04,2023-08-12,292032.15,831,Active,
CUST-0348,Quantum Industries 46,SMB,REG-05,2024-08-14,82648.56,838,Active,
CUST-0349,Synergy Tech 15,Enterprise,REG-04,2023-01-17,283707.53,839,Active,
CUST-0350,Horizon Tech 64,Mid-Market,REG-02,2025-06-22,467498.46,660,Active,
CUST-0351,Quantum Systems 93,SMB,REG-03,2023-03-26,142960.94,786,Active,
CUST-0352,Omni Enterprises 99,Mid-Market,REG-04,2024-11-02,160159.55,644,Churned,2025-10-02
CUST-0353,Vanguard Solutions 85,Mid-Market,REG-05,2024-11-27,354786.78,622,Active,
CUST-0354,Vanguard Holdings 98,Mid-Market,REG-04,2023-03-14,235920.78,642,Active,
CUST-0355,Vanguard Systems 50,SMB,REG-03,2023-05-21,145680.26,828,Active,
CUST-0356,Nexus Solutions 18,Startup,REG-05,2023-01-09,202579.81,662,Active,
CUST-0357,Starlight Solutions 62,Startup,REG-04,2025-05-30,104311.17,849,Churned,2025-10-30
CUST-0358,Titan Holdings 54,Government,REG-03,2025-03-21,152923.58,690,Active,
CUST-0359,Starlight Digital 86,Startup,REG-05,2023-10-19,244742.41,796,Churned,2024-06-19
CUST-0360,Starlight Digital 87,Startup,REG-02,2025-02-04,147937.75,785,Churned,2025-09-04
CUST-0361,Horizon Holdings 24,Mid-Market,REG-04,2024-10-15,436661.37,755,Active,
CUST-0362,Apex Industries 50,Mid-Market,REG-04,2025-05-31,571435.32,727,Active,
CUST-0363,Nexus Labs 19,Enterprise,REG-05,2023-03-11,187069.25,675,Churned,2023-07-09
CUST-0364,Omni Digital 46,Startup,REG-04,2024-03-09,225452.66,641,Active,
CUST-0365,Paramount Solutions 45,Enterprise,REG-03,2023-03-22,622391.61,672,Active,
CUST-0366,Nexus Digital 51,Government,REG-05,2024-10-11,433450.86,786,Active,
CUST-0367,Vanguard Enterprises 99,Government,REG-02,2023-03-01,200015.89,731,Churned,2023-06-27
CUST-0368,Quantum Solutions 25,Enterprise,REG-02,2024-12-19,184931.78,747,Active,
CUST-0369,Paramount Digital 43,Mid-Market,REG-03,2023-05-10,522377.01,843,Active,
CUST-0370,Vanguard Tech 52,Government,REG-03,2024-06-20,118742.4,802,Active,
CUST-0371,Vanguard Labs 68,Startup,REG-03,2023-02-26,174902.5,765,Active,
CUST-0372,Nexus Enterprises 23,Startup,REG-01,2023-08-22,235194.99,620,Churned,2023-11-26
CUST-0373,Starlight Tech 70,SMB,REG-04,2025-07-31,87521.17,839,Churned,2026-05-31
CUST-0374,Starlight Industries 41,Government,REG-03,2023-10-05,461698.65,766,Active,
CUST-0375,Paramount Tech 32,Mid-Market,REG-05,2025-10-01,135260.73,722,Churned,2026-08-25
CUST-0376,Quantum Enterprises 51,Enterprise,REG-05,2024-04-12,181973.03,671,Active,
CUST-0377,Quantum Dynamics 69,SMB,REG-05,2025-09-22,173340.17,817,Active,
CUST-0378,Paramount Dynamics 29,Enterprise,REG-04,2023-01-25,378873.02,708,Active,
CUST-0379,Apex Industries 10,Government,REG-03,2023-04-17,182337.47,680,Active,
CUST-0380,Apex Solutions 45,Enterprise,REG-01,2025-08-01,377538.5,836,Active,
CUST-0381,Synergy Labs 20,Startup,REG-01,2024-06-01,83378.46,829,Active,
CUST-0382,Titan Tech 65,Mid-Market,REG-02,2023-10-26,253545.02,700,Active,
CUST-0383,Omni Industries 50,Government,REG-03,2023-08-28,123609.35,671,Active,
CUST-0384,Titan Systems 29,Enterprise,REG-02,2024-04-05,582798.22,724,Active,
CUST-0385,Synergy Dynamics 67,SMB,REG-04,2023-09-29,263120.55,643,Active,
CUST-0386,Quantum Tech 37,SMB,REG-02,2023-04-04,227789.35,711,Active,
CUST-0387,Apex Enterprises 43,Mid-Market,REG-01,2025-09-01,332415.72,735,Active,
CUST-0388,Paramount Dynamics 22,Government,REG-01,2025-04-03,447214.38,651,Churned,2025-10-23
CUST-0389,Nexus Dynamics 61,SMB,REG-01,2024-08-19,196529.69,828,Churned,2024-12-20
CUST-0390,Starlight Labs 26,Enterprise,REG-03,2023-05-06,212359.28,738,Churned,2024-05-23
CUST-0391,Omni Holdings 73,Enterprise,REG-04,2024-11-30,548331.02,710,Active,
CUST-0392,Nexus Enterprises 45,Government,REG-02,2023-02-05,366347.96,777,Active,
CUST-0393,Quantum Labs 62,Startup,REG-04,2023-03-04,71930.39,718,Active,
CUST-0394,Starlight Digital 41,Startup,REG-01,2024-01-27,245478.94,711,Active,
CUST-0395,Horizon Industries 82,Startup,REG-03,2024-02-02,117608.92,626,Active,
CUST-0396,Starlight Tech 45,Enterprise,REG-04,2024-06-26,487753.78,769,Active,
CUST-0397,Nexus Systems 41,Mid-Market,REG-03,2024-06-30,558956.84,808,Churned,2025-01-18
CUST-0398,Titan Holdings 55,Mid-Market,REG-02,2023-08-31,435885.73,826,Active,
CUST-0399,Synergy Tech 99,SMB,REG-05,2024-07-31,85525.57,668,Active,
CUST-0400,Horizon Digital 49,Mid-Market,REG-04,2023-02-08,159641.56,679,Active,
CUST-0401,Apex Digital 71,Enterprise,REG-03,2025-07-28,712367.92,826,Active,
CUST-0402,Nexus Industries 17,Enterprise,REG-02,2024-08-23,791609.3,656,Active,
CUST-0403,Paramount Industries 19,SMB,REG-04,2024-08-23,75258.04,697,Active,
CUST-0404,Nexus Holdings 91,Government,REG-03,2023-06-28,408232.31,763,Active,
CUST-0405,Titan Industries 38,Startup,REG-02,2024-01-23,126705.81,796,Active,
CUST-0406,Nexus Tech 99,Startup,REG-04,2025-05-21,298570.78,765,Churned,2026-06-23
CUST-0407,Synergy Dynamics 91,Startup,REG-01,2025-08-17,174046.26,704,Active,
CUST-0408,Starlight Industries 50,Mid-Market,REG-01,2025-04-21,499931.2,783,Active,
CUST-0409,Synergy Labs 11,SMB,REG-02,2023-09-13,223294.02,709,Active,
CUST-0410,Vanguard Tech 16,Government,REG-04,2025-01-20,278843.95,662,Active,
CUST-0411,Horizon Holdings 54,Startup,REG-04,2023-04-14,257201.74,821,Active,
CUST-0412,Starlight Solutions 67,Enterprise,REG-01,2023-10-29,192568.25,686,Active,
CUST-0413,Vanguard Industries 31,Government,REG-02,2025-01-19,123751.09,849,Active,
CUST-0414,Synergy Labs 13,Government,REG-02,2024-09-13,490388.97,660,Churned,2025-05-30
CUST-0415,Starlight Dynamics 62,Startup,REG-05,2023-09-29,215149.47,696,Active,
CUST-0416,Apex Holdings 83,Startup,REG-04,2023-06-07,63626.21,620,Active,
CUST-0417,Quantum Labs 35,Enterprise,REG-01,2023-07-31,324478.17,694,Active,
CUST-0418,Horizon Systems 49,Government,REG-04,2024-05-15,492694.87,687,Churned,2025-05-18
CUST-0419,Omni Solutions 57,Government,REG-03,2023-07-11,290598.87,687,Active,
CUST-0420,Quantum Dynamics 44,Startup,REG-01,2023-06-04,238058.79,790,Churned,2024-02-25
CUST-0421,Paramount Holdings 85,Mid-Market,REG-05,2023-03-04,572438.44,829,Active,
CUST-0422,Paramount Labs 83,Mid-Market,REG-04,2023-11-03,153425.28,838,Active,
CUST-0423,Paramount Digital 83,Startup,REG-02,2023-05-04,287313.7,734,Active,
CUST-0424,Nexus Dynamics 34,Mid-Market,REG-01,2024-03-09,153102.69,794,Active,
CUST-0425,Nexus Enterprises 50,Enterprise,REG-01,2024-02-02,661818.68,761,Active,
CUST-0426,Quantum Digital 68,Enterprise,REG-05,2024-08-24,632241.76,727,Churned,2025-02-06
CUST-0427,Nexus Systems 23,Startup,REG-01,2025-03-15,121523.21,757,Active,
CUST-0428,Omni Enterprises 59,Government,REG-05,2024-09-15,302870.98,664,Active,
CUST-0429,Nexus Holdings 14,Government,REG-03,2024-12-08,196910.68,810,Active,
CUST-0430,Quantum Industries 12,SMB,REG-03,2023-11-15,120086.66,745,Active,
CUST-0431,Vanguard Dynamics 27,SMB,REG-04,2025-03-03,256455.83,688,Active,
CUST-0432,Titan Systems 34,Government,REG-02,2025-07-24,460786.25,809,Active,
CUST-0433,Paramount Industries 17,Startup,REG-02,2023-03-09,127780.77,749,Active,
CUST-0434,Paramount Tech 32,Mid-Market,REG-02,2025-05-07,141695.13,628,Active,
CUST-0435,Synergy Dynamics 45,SMB,REG-04,2024-06-01,149235.57,651,Active,
CUST-0436,Starlight Industries 72,Startup,REG-04,2023-07-01,290130.09,741,Active,
CUST-0437,Synergy Industries 30,SMB,REG-01,2023-10-19,56862.62,632,Active,
CUST-0438,Titan Dynamics 38,Mid-Market,REG-02,2023-10-03,468373.03,751,Churned,2024-01-05
CUST-0439,Horizon Solutions 92,Mid-Market,REG-05,2025-03-31,114655.05,684,Active,
CUST-0440,Quantum Enterprises 64,Government,REG-03,2024-04-15,203399.42,739,Active,
CUST-0441,Paramount Holdings 84,Enterprise,REG-01,2024-06-07,1049500.71,835,Active,
CUST-0442,Paramount Enterprises 48,Enterprise,REG-04,2023-03-07,469248.2,690,Active,
CUST-0443,Quantum Enterprises 93,SMB,REG-02,2023-06-03,179323.4,681,Active,
CUST-0444,Titan Holdings 94,SMB,REG-02,2025-01-08,56363.82,747,Active,
CUST-0445,Quantum Holdings 61,Government,REG-01,2024-08-20,408631.03,766,Active,
CUST-0446,Synergy Dynamics 97,Startup,REG-04,2025-07-17,285166.99,711,Active,
CUST-0447,Nexus Digital 33,SMB,REG-01,2024-04-27,81986.03,686,Active,
CUST-0448,Paramount Solutions 97,SMB,REG-01,2023-08-16,138820.85,810,Active,
CUST-0449,Omni Industries 57,SMB,REG-05,2023-10-29,165940.16,650,Active,
CUST-0450,Titan Systems 70,Mid-Market,REG-05,2023-05-03,587123.77,717,Active,
CUST-0451,Omni Tech 29,Mid-Market,REG-02,2023-12-17,335055.52,765,Active,
CUST-0452,Horizon Solutions 50,Mid-Market,REG-01,2024-05-14,292946.2,665,Active,
CUST-0453,Apex Tech 67,SMB,REG-02,2025-02-18,243385.57,767,Active,
CUST-0454,Horizon Systems 26,Startup,REG-04,2024-10-10,157352.43,729,Active,
CUST-0455,Omni Tech 14,Startup,REG-02,2025-01-18,143275.35,623,Active,
CUST-0456,Paramount Dynamics 12,Enterprise,REG-02,2023-08-20,781834.15,708,Active,
CUST-0457,Vanguard Holdings 74,Startup,REG-03,2023-06-21,66321.76,631,Active,
CUST-0458,Quantum Labs 76,Startup,REG-05,2023-12-12,158416.31,795,Active,
CUST-0459,Synergy Labs 55,Mid-Market,REG-02,2025-08-28,608791.83,827,Active,
CUST-0460,Starlight Dynamics 26,Mid-Market,REG-01,2024-08-26,387548.46,651,Active,
CUST-0461,Apex Holdings 91,SMB,REG-05,2024-09-30,62146.74,632,Active,
CUST-0462,Apex Tech 98,Enterprise,REG-04,2024-03-30,507722.04,760,Active,
CUST-0463,Nexus Dynamics 98,Enterprise,REG-03,2024-03-06,753956.5,789,Active,
CUST-0464,Titan Solutions 63,Enterprise,REG-05,2025-01-06,715485.71,692,Churned,2025-05-30
CUST-0465,Horizon Dynamics 87,Mid-Market,REG-03,2025-05-01,397730.36,671,Active,
CUST-0466,Omni Enterprises 30,Enterprise,REG-05,2024-05-23,971562.05,796,Active,
CUST-0467,Synergy Dynamics 10,Enterprise,REG-01,2025-07-17,271627.05,766,Active,
CUST-0468,Nexus Systems 75,Enterprise,REG-01,2025-07-15,398905.59,679,Active,
CUST-0469,Quantum Enterprises 69,Enterprise,REG-01,2025-04-12,327864.08,630,Active,
CUST-0470,Synergy Industries 64,Enterprise,REG-01,2025-05-21,838428.5,631,Churned,2025-10-28
CUST-0471,Nexus Industries 55,Government,REG-05,2023-10-02,485313.99,643,Active,
CUST-0472,Synergy Solutions 24,Government,REG-04,2025-09-12,295442.41,833,Active,
CUST-0473,Horizon Holdings 93,Mid-Market,REG-01,2023-05-16,492893.43,635,Active,
CUST-0474,Nexus Systems 63,Startup,REG-04,2025-04-01,192235.86,732,Active,
CUST-0475,Omni Industries 88,Enterprise,REG-02,2024-05-09,980348.24,648,Active,
CUST-0476,Horizon Tech 18,SMB,REG-03,2023-01-13,226142.04,793,Active,
CUST-0477,Titan Dynamics 95,SMB,REG-05,2024-06-19,222060.41,778,Churned,2025-01-22
CUST-0478,Horizon Industries 94,Government,REG-02,2025-05-09,461897.02,848,Active,
CUST-0479,Apex Tech 92,Mid-Market,REG-05,2025-05-19,368108.92,746,Active,
CUST-0480,Vanguard Labs 51,Mid-Market,REG-03,2025-09-20,262986.42,749,Active,
CUST-0481,Omni Holdings 40,Enterprise,REG-04,2024-03-30,876103.63,734,Churned,2025-03-10
CUST-0482,Horizon Industries 25,Government,REG-01,2023-04-16,271547.85,629,Active,
CUST-0483,Apex Systems 87,Startup,REG-03,2025-06-30,177084.44,672,Active,
CUST-0484,Horizon Industries 56,Enterprise,REG-02,2025-05-14,572652.48,763,Active,
CUST-0485,Titan Labs 94,SMB,REG-04,2023-04-27,74359.26,788,Active,
CUST-0486,Synergy Industries 91,SMB,REG-05,2024-06-18,143472.59,647,Churned,2024-12-09
CUST-0487,Horizon Solutions 62,Enterprise,REG-03,2024-09-17,346431.28,650,Active,
CUST-0488,Omni Dynamics 68,Mid-Market,REG-03,2023-04-21,526432.14,631,Active,
CUST-0489,Titan Systems 67,Government,REG-05,2025-09-06,316888.91,747,Churned,2025-12-29
CUST-0490,Paramount Holdings 84,Government,REG-05,2025-03-10,504523.04,665,Active,
CUST-0491,Nexus Solutions 23,Government,REG-05,2024-09-12,487213.14,749,Active,
CUST-0492,Omni Dynamics 45,Government,REG-03,2025-09-20,222378.09,826,Active,
CUST-0493,Omni Digital 48,Startup,REG-03,2024-12-29,234204.66,761,Active,
CUST-0494,Starlight Dynamics 89,SMB,REG-03,2025-08-01,218093.43,801,Active,
CUST-0495,Nexus Digital 79,SMB,REG-01,2025-02-18,138059.45,742,Active,
CUST-0496,Omni Digital 46,Government,REG-01,2024-06-19,137911.71,717,Active,
CUST-0497,Apex Dynamics 44,Mid-Market,REG-03,2024-11-30,247808.55,834,Churned,2025-07-29
CUST-0498,Starlight Digital 14,SMB,REG-04,2023-04-15,204027.21,792,Active,
CUST-0499,Starlight Digital 59,Mid-Market,REG-05,2025-03-14,548258.51,798,Active,
CUST-0500,Apex Holdings 59,Government,REG-03,2025-09-16,338456.07,623,Active,
CUST-0501,Starlight Labs 38,SMB,REG-05,2024-07-13,234612.51,670,Active,
CUST-0502,Starlight Enterprises 67,Mid-Market,REG-01,2023-07-11,639361.39,808,Active,
CUST-0503,Omni Tech 64,SMB,REG-05,2023-09-28,82516.63,769,Active,
CUST-0504,Apex Industries 69,Mid-Market,REG-01,2023-06-07,620745.53,772,Churned,2024-02-06
CUST-0505,Horizon Digital 55,Enterprise,REG-03,2024-06-22,367466.76,667,Active,
CUST-0506,Paramount Solutions 63,Startup,REG-05,2024-02-18,72986.39,676,Active,
CUST-0507,Synergy Industries 56,SMB,REG-02,2025-08-31,238163.92,755,Active,
CUST-0508,Paramount Tech 24,SMB,REG-04,2023-09-04,276124.11,777,Active,
CUST-0509,Starlight Tech 97,SMB,REG-04,2025-07-26,249051.65,649,Active,
CUST-0510,Paramount Enterprises 13,Startup,REG-03,2024-06-10,250704.18,734,Active,
CUST-0511,Quantum Dynamics 51,Startup,REG-01,2025-08-28,73989.11,817,Active,
CUST-0512,Apex Systems 36,Mid-Market,REG-04,2025-05-05,167159.75,757,Active,
CUST-0513,Omni Systems 97,Mid-Market,REG-01,2024-04-15,504277.56,629,Churned,2024-08-10
CUST-0514,Nexus Enterprises 81,Enterprise,REG-05,2025-04-21,374189.93,686,Active,
CUST-0515,Horizon Holdings 65,SMB,REG-01,2024-02-03,218324.68,756,Churned,2024-06-04
CUST-0516,Titan Tech 99,Enterprise,REG-03,2025-08-08,614982.33,694,Active,
CUST-0517,Quantum Systems 46,Government,REG-04,2024-02-09,459955.07,627,Active,
CUST-0518,Paramount Dynamics 27,Government,REG-05,2023-10-30,522060.42,656,Active,
CUST-0519,Synergy Tech 80,Startup,REG-02,2023-05-07,60443.29,766,Active,
CUST-0520,Paramount Digital 20,SMB,REG-02,2025-02-05,235357.62,805,Active,
CUST-0521,Omni Digital 28,Mid-Market,REG-02,2023-08-15,449286.71,684,Active,
CUST-0522,Nexus Tech 80,Government,REG-05,2023-03-16,220793.7,637,Active,
CUST-0523,Starlight Labs 52,SMB,REG-02,2024-11-18,213868.25,645,Active,
CUST-0524,Vanguard Dynamics 50,Government,REG-04,2023-12-03,367354.09,698,Active,
CUST-0525,Nexus Industries 50,Government,REG-02,2023-01-05,230946.65,821,Active,
CUST-0526,Omni Enterprises 56,Mid-Market,REG-03,2025-06-17,373974.68,734,Active,
CUST-0527,Quantum Labs 80,Enterprise,REG-02,2024-10-23,705799.21,835,Active,
CUST-0528,Nexus Digital 35,SMB,REG-01,2025-01-14,68849.99,624,Active,
CUST-0529,Apex Holdings 85,Mid-Market,REG-01,2024-07-18,253338.98,848,Active,
CUST-0530,Horizon Solutions 56,Government,REG-02,2025-07-01,437465.18,807,Active,
CUST-0531,Nexus Labs 74,Startup,REG-01,2024-02-11,140966.39,622,Active,
CUST-0532,Titan Solutions 75,Mid-Market,REG-04,2023-06-13,208529.85,764,Active,
CUST-0533,Nexus Labs 55,Enterprise,REG-02,2025-02-18,601686.88,636,Active,
CUST-0534,Starlight Tech 95,Mid-Market,REG-05,2025-07-18,545303.25,719,Active,
CUST-0535,Horizon Tech 15,SMB,REG-01,2024-12-21,292110.35,782,Active,
CUST-0536,Quantum Digital 82,Mid-Market,REG-04,2024-10-31,318185.18,770,Active,
CUST-0537,Vanguard Digital 42,Government,REG-02,2024-06-12,272628.99,829,Active,
CUST-0538,Horizon Labs 87,Enterprise,REG-05,2025-06-22,296597.27,662,Active,
CUST-0539,Paramount Enterprises 37,Mid-Market,REG-02,2023-06-11,309222.62,803,Active,
CUST-0540,Starlight Holdings 52,Enterprise,REG-04,2024-11-22,593962.81,673,Active,
CUST-0541,Omni Tech 41,Enterprise,REG-02,2024-08-10,693304.2,654,Active,
CUST-0542,Apex Solutions 17,Mid-Market,REG-03,2025-08-02,209020.65,723,Active,
CUST-0543,Titan Tech 94,SMB,REG-01,2023-08-10,162300.84,740,Active,
CUST-0544,Nexus Dynamics 62,Startup,REG-02,2025-03-24,195661.53,816,Active,
CUST-0545,Paramount Enterprises 31,SMB,REG-04,2024-09-02,197649.0,678,Active,
CUST-0546,Nexus Systems 12,Mid-Market,REG-05,2025-05-30,610136.57,795,Active,
CUST-0547,Nexus Systems 32,Government,REG-05,2024-09-06,107566.45,820,Active,
CUST-0548,Vanguard Systems 71,Mid-Market,REG-05,2024-07-06,565136.98,849,Active,
CUST-0549,Omni Digital 63,SMB,REG-01,2024-12-15,182454.13,678,Active,
CUST-0550,Horizon Holdings 54,Startup,REG-05,2023-04-11,156372.35,685,Active,
CUST-0551,Starlight Systems 46,Startup,REG-05,2024-02-23,114451.24,621,Active,
CUST-0552,Apex Digital 25,Startup,REG-01,2024-01-20,213636.53,796,Active,
CUST-0553,Omni Industries 23,Mid-Market,REG-04,2024-10-29,431953.6,686,Active,
CUST-0554,Omni Industries 88,SMB,REG-04,2025-02-12,100923.42,761,Active,
CUST-0555,Horizon Solutions 57,Startup,REG-05,2024-05-10,113444.41,698,Active,
CUST-0556,Omni Solutions 94,Enterprise,REG-02,2024-04-02,860220.6,661,Churned,2025-03-18
CUST-0557,Omni Industries 80,Startup,REG-01,2023-06-14,147275.92,782,Churned,2023-10-28
CUST-0558,Nexus Labs 86,Government,REG-01,2023-03-07,208391.4,714,Churned,2023-06-24
CUST-0559,Omni Holdings 88,Startup,REG-03,2024-12-29,290882.46,634,Active,
CUST-0560,Nexus Labs 66,Enterprise,REG-02,2025-05-20,749773.69,825,Active,
CUST-0561,Starlight Tech 86,Startup,REG-05,2024-12-16,107917.74,663,Active,
CUST-0562,Synergy Dynamics 93,Enterprise,REG-02,2023-03-30,1047215.0,819,Active,
CUST-0563,Omni Holdings 85,Mid-Market,REG-05,2023-01-16,515309.05,637,Active,
CUST-0564,Paramount Enterprises 81,Startup,REG-03,2023-12-22,290821.92,690,Active,
CUST-0565,Starlight Labs 61,Startup,REG-01,2023-09-25,93758.7,749,Churned,2024-01-30
CUST-0566,Paramount Enterprises 53,Enterprise,REG-05,2025-09-06,400481.71,757,Active,
CUST-0567,Titan Enterprises 98,Government,REG-04,2024-07-30,307633.45,682,Active,
CUST-0568,Horizon Labs 85,Enterprise,REG-04,2023-04-30,400592.29,717,Active,
CUST-0569,Starlight Dynamics 50,Government,REG-03,2024-06-12,331043.36,799,Active,
CUST-0570,Starlight Enterprises 21,Government,REG-03,2023-03-19,339548.18,665,Active,
CUST-0571,Synergy Dynamics 83,SMB,REG-02,2025-08-27,236539.06,668,Active,
CUST-0572,Starlight Dynamics 40,SMB,REG-02,2023-08-23,100691.64,683,Active,
CUST-0573,Synergy Solutions 23,Enterprise,REG-01,2024-11-23,1011307.22,746,Active,
CUST-0574,Paramount Tech 71,SMB,REG-05,2023-11-19,173085.09,845,Active,
CUST-0575,Quantum Labs 33,Startup,REG-03,2024-02-12,105523.2,767,Active,
CUST-0576,Paramount Holdings 71,Startup,REG-01,2024-05-29,136822.24,840,Active,
CUST-0577,Nexus Labs 25,Startup,REG-04,2023-11-20,222302.64,623,Active,
CUST-0578,Omni Systems 51,SMB,REG-05,2025-06-01,114925.19,760,Active,
CUST-0579,Quantum Labs 88,SMB,REG-03,2023-07-08,174692.5,673,Active,
CUST-0580,Synergy Industries 61,SMB,REG-04,2023-07-04,192852.43,767,Active,
CUST-0581,Vanguard Enterprises 40,Startup,REG-04,2025-05-26,145220.85,657,Active,
CUST-0582,Nexus Labs 11,Mid-Market,REG-04,2024-05-26,183959.43,848,Active,
CUST-0583,Paramount Digital 50,Government,REG-03,2023-09-14,342962.3,765,Churned,2024-02-01
CUST-0584,Nexus Tech 37,SMB,REG-04,2025-05-09,207465.55,735,Active,
CUST-0585,Quantum Industries 56,Startup,REG-05,2025-08-12,252503.97,708,Churned,2026-01-11
CUST-0586,Synergy Dynamics 83,Startup,REG-05,2023-06-28,294843.28,692,Active,
CUST-0587,Paramount Labs 67,Enterprise,REG-04,2024-09-20,425708.13,781,Active,
CUST-0588,Nexus Industries 63,Startup,REG-05,2024-02-19,262225.19,638,Churned,2024-11-10
CUST-0589,Starlight Industries 50,SMB,REG-03,2024-09-11,211161.07,689,Active,
CUST-0590,Synergy Digital 67,Government,REG-02,2023-07-08,474395.33,652,Active,
CUST-0591,Quantum Systems 36,Mid-Market,REG-04,2023-04-16,162554.55,844,Active,
CUST-0592,Apex Tech 60,Startup,REG-01,2023-04-17,115613.07,659,Churned,2024-01-31
CUST-0593,Quantum Dynamics 41,SMB,REG-04,2024-10-03,81602.93,754,Active,
CUST-0594,Apex Tech 94,SMB,REG-03,2025-06-03,169038.69,842,Active,
CUST-0595,Quantum Digital 66,Mid-Market,REG-05,2023-07-01,434957.01,736,Active,
CUST-0596,Titan Holdings 77,Startup,REG-03,2025-07-19,136792.08,758,Active,
CUST-0597,Vanguard Labs 49,SMB,REG-04,2023-09-24,88929.38,622,Churned,2024-03-01
CUST-0598,Synergy Enterprises 70,Startup,REG-01,2024-12-05,280522.1,813,Active,
CUST-0599,Apex Holdings 47,Startup,REG-02,2025-03-26,51804.5,715,Active,
CUST-0600,Paramount Holdings 60,Mid-Market,REG-02,2025-01-02,515414.82,719,Active,
CUST-0601,Starlight Enterprises 20,Government,REG-02,2024-06-13,434042.23,776,Active,
CUST-0602,Quantum Enterprises 93,Startup,REG-03,2024-02-27,97000.16,637,Active,
CUST-0603,Quantum Systems 91,Government,REG-05,2024-04-08,212460.36,779,Active,
CUST-0604,Synergy Tech 29,Enterprise,REG-05,2023-01-23,337695.4,646,Active,
CUST-0605,Nexus Labs 11,Mid-Market,REG-01,2023-06-04,118098.67,675,Active,
CUST-0606,Quantum Labs 57,Government,REG-01,2023-12-05,126100.39,812,Active,
CUST-0607,Apex Enterprises 60,Enterprise,REG-05,2024-04-26,333903.27,849,Active,
CUST-0608,Omni Tech 25,Mid-Market,REG-04,2025-02-28,646234.72,683,Active,
CUST-0609,Apex Dynamics 68,Enterprise,REG-05,2024-11-12,1034351.37,741,Active,
CUST-0610,Quantum Industries 30,Enterprise,REG-05,2024-06-17,281873.82,743,Active,
CUST-0611,Starlight Industries 16,Mid-Market,REG-01,2023-08-30,458099.93,703,Churned,2024-04-17
CUST-0612,Titan Systems 60,Mid-Market,REG-01,2025-09-19,133096.35,820,Active,
CUST-0613,Titan Solutions 57,Enterprise,REG-02,2023-06-11,612429.31,795,Active,
CUST-0614,Apex Tech 55,Mid-Market,REG-05,2025-03-21,169065.41,744,Active,
CUST-0615,Paramount Industries 66,Mid-Market,REG-01,2024-12-06,317772.92,805,Active,
CUST-0616,Apex Labs 66,Startup,REG-03,2024-07-09,224259.44,668,Active,
CUST-0617,Paramount Industries 51,Government,REG-03,2025-06-07,464107.32,840,Active,
CUST-0618,Vanguard Digital 29,Government,REG-03,2025-04-19,208507.17,713,Active,
CUST-0619,Paramount Holdings 33,Enterprise,REG-05,2025-05-27,493565.8,778,Active,
CUST-0620,Vanguard Digital 59,Mid-Market,REG-05,2024-11-30,383652.04,761,Active,
CUST-0621,Quantum Industries 62,SMB,REG-01,2023-04-09,180800.13,637,Churned,2023-09-12
CUST-0622,Nexus Tech 35,Enterprise,REG-04,2023-07-16,261409.39,766,Active,
CUST-0623,Omni Labs 77,Startup,REG-05,2023-09-20,62271.41,676,Active,
CUST-0624,Vanguard Tech 36,Government,REG-01,2024-04-24,450458.98,635,Active,
CUST-0625,Omni Industries 17,Startup,REG-03,2024-06-25,60163.29,638,Active,
CUST-0626,Vanguard Dynamics 76,Enterprise,REG-01,2025-01-12,377140.75,718,Active,
CUST-0627,Paramount Dynamics 82,Mid-Market,REG-05,2025-02-06,416977.88,811,Churned,2026-02-26
CUST-0628,Synergy Labs 99,Government,REG-01,2023-06-20,446607.72,760,Active,
CUST-0629,Synergy Solutions 78,Startup,REG-04,2025-08-13,138081.02,700,Active,
CUST-0630,Synergy Industries 62,Government,REG-03,2024-09-15,198325.15,759,Active,
CUST-0631,Paramount Enterprises 56,Government,REG-04,2025-09-09,268690.75,805,Churned,2026-05-02
CUST-0632,Titan Tech 76,Mid-Market,REG-03,2023-01-07,275183.68,676,Active,
CUST-0633,Synergy Tech 98,SMB,REG-05,2024-06-07,189080.77,766,Active,
CUST-0634,Apex Labs 55,Mid-Market,REG-02,2023-09-29,311895.59,769,Active,
CUST-0635,Quantum Enterprises 21,Startup,REG-04,2024-08-05,279470.45,807,Churned,2025-04-18
CUST-0636,Horizon Solutions 72,Startup,REG-01,2024-09-01,210563.66,629,Active,
CUST-0637,Titan Holdings 20,Enterprise,REG-03,2023-12-23,944818.44,731,Active,
CUST-0638,Vanguard Dynamics 93,Startup,REG-01,2024-10-11,244354.65,717,Churned,2025-10-04
CUST-0639,Apex Industries 79,Startup,REG-02,2023-12-01,175600.4,676,Active,
CUST-0640,Omni Labs 86,Startup,REG-05,2023-04-03,105521.41,694,Active,
CUST-0641,Nexus Solutions 53,Enterprise,REG-04,2024-08-08,827150.66,760,Active,
CUST-0642,Vanguard Holdings 74,Government,REG-02,2025-02-19,150691.84,763,Active,
CUST-0643,Omni Dynamics 81,Startup,REG-05,2023-09-10,110578.77,688,Active,
CUST-0644,Synergy Systems 24,Government,REG-04,2024-01-10,246738.54,702,Active,
CUST-0645,Apex Enterprises 31,SMB,REG-05,2025-04-21,297539.8,733,Active,
CUST-0646,Horizon Tech 39,Mid-Market,REG-03,2023-06-09,526753.58,838,Churned,2023-10-04
CUST-0647,Starlight Solutions 46,Enterprise,REG-03,2024-12-11,878745.68,698,Active,
CUST-0648,Apex Industries 36,Startup,REG-02,2023-07-28,186606.05,812,Active,
CUST-0649,Horizon Solutions 98,Enterprise,REG-04,2024-08-19,967785.25,754,Churned,2025-02-12
CUST-0650,Apex Enterprises 35,Startup,REG-03,2023-02-24,166240.2,622,Churned,2023-10-10
CUST-0651,Synergy Systems 12,SMB,REG-04,2023-08-25,294948.21,750,Active,
CUST-0652,Vanguard Industries 72,Startup,REG-05,2023-04-01,96604.35,748,Active,
CUST-0653,Paramount Tech 15,Mid-Market,REG-05,2023-11-09,293463.3,720,Active,
CUST-0654,Apex Industries 97,SMB,REG-03,2024-10-02,125581.55,748,Active,
CUST-0655,Apex Enterprises 59,Enterprise,REG-05,2025-08-29,420169.61,658,Active,
CUST-0656,Omni Solutions 21,Government,REG-05,2025-09-10,395097.7,843,Active,
CUST-0657,Starlight Holdings 40,Startup,REG-02,2024-03-12,292634.29,774,Active,
CUST-0658,Paramount Solutions 36,Mid-Market,REG-05,2024-07-08,486226.75,671,Active,
CUST-0659,Quantum Digital 27,Government,REG-02,2024-11-02,509863.48,660,Active,
CUST-0660,Paramount Digital 25,Mid-Market,REG-03,2025-05-09,593800.97,806,Churned,2026-01-17
CUST-0661,Omni Holdings 48,Government,REG-03,2023-06-05,440598.55,647,Active,
CUST-0662,Apex Enterprises 87,Startup,REG-05,2023-08-25,199090.17,679,Active,
CUST-0663,Synergy Systems 98,Government,REG-02,2024-05-29,470762.21,740,Active,
CUST-0664,Synergy Solutions 59,Government,REG-04,2023-05-21,163703.87,677,Churned,2023-08-26
CUST-0665,Quantum Holdings 38,Mid-Market,REG-02,2023-03-09,207393.01,732,Active,
CUST-0666,Horizon Industries 68,Mid-Market,REG-04,2024-02-19,536918.1,775,Active,
CUST-0667,Omni Industries 60,Startup,REG-05,2024-08-31,184039.85,784,Active,
CUST-0668,Apex Digital 23,Government,REG-04,2025-04-26,484995.14,844,Active,
CUST-0669,Paramount Digital 60,Enterprise,REG-05,2024-02-01,626610.85,781,Active,
CUST-0670,Starlight Enterprises 66,Government,REG-03,2025-03-03,462429.45,738,Active,
CUST-0671,Quantum Tech 98,Startup,REG-02,2024-04-19,257473.38,735,Churned,2025-03-31
CUST-0672,Vanguard Solutions 84,Startup,REG-02,2024-02-07,153389.83,735,Churned,2024-12-25
CUST-0673,Titan Dynamics 68,Enterprise,REG-03,2023-11-28,780252.75,802,Active,
CUST-0674,Vanguard Systems 24,Government,REG-03,2023-03-29,325717.79,718,Active,
CUST-0675,Paramount Solutions 58,Startup,REG-04,2023-02-14,242065.08,705,Active,
CUST-0676,Nexus Solutions 28,Mid-Market,REG-01,2024-03-05,279434.21,806,Active,
CUST-0677,Horizon Enterprises 90,Mid-Market,REG-01,2025-07-09,182364.07,671,Churned,2026-02-13
CUST-0678,Apex Labs 73,Government,REG-05,2025-04-06,92587.75,845,Active,
CUST-0679,Starlight Labs 68,Government,REG-04,2023-03-23,360547.45,621,Active,
CUST-0680,Paramount Enterprises 89,Startup,REG-02,2023-02-20,96210.0,634,Active,
CUST-0681,Apex Solutions 14,Startup,REG-05,2023-11-02,132777.77,642,Churned,2024-08-31
CUST-0682,Nexus Solutions 96,SMB,REG-05,2024-11-07,222878.4,772,Active,
CUST-0683,Paramount Solutions 68,Startup,REG-03,2025-08-11,58960.01,816,Active,
CUST-0684,Synergy Holdings 18,Government,REG-05,2023-03-08,221774.72,654,Active,
CUST-0685,Quantum Industries 77,Government,REG-05,2023-08-03,403123.27,776,Churned,2024-08-19
CUST-0686,Paramount Systems 71,Startup,REG-03,2024-03-13,202211.15,701,Active,
CUST-0687,Titan Industries 26,Startup,REG-05,2024-05-23,179926.45,781,Active,
CUST-0688,Nexus Dynamics 47,Mid-Market,REG-01,2023-05-02,123192.74,780,Active,
CUST-0689,Starlight Holdings 62,Enterprise,REG-03,2023-12-25,665363.57,783,Active,
CUST-0690,Starlight Enterprises 42,Enterprise,REG-03,2023-11-04,618353.42,702,Active,
CUST-0691,Vanguard Industries 53,Government,REG-05,2024-09-22,522050.77,833,Active,
CUST-0692,Synergy Industries 96,Government,REG-04,2025-03-27,106001.21,654,Active,
CUST-0693,Horizon Digital 52,Government,REG-04,2025-08-08,424163.09,833,Active,
CUST-0694,Titan Industries 81,Startup,REG-01,2023-08-02,194349.41,704,Active,
CUST-0695,Synergy Systems 29,SMB,REG-01,2023-12-14,295904.69,780,Active,
CUST-0696,Nexus Holdings 33,Startup,REG-01,2025-06-04,245585.98,698,Active,
CUST-0697,Synergy Tech 44,Government,REG-01,2024-05-23,484671.93,715,Active,
CUST-0698,Quantum Dynamics 77,SMB,REG-02,2023-04-25,143553.92,629,Active,
CUST-0699,Vanguard Labs 74,Enterprise,REG-04,2025-07-15,612547.52,668,Active,
CUST-0700,Horizon Digital 49,SMB,REG-02,2025-02-26,267949.75,830,Active,
CUST-0701,Paramount Solutions 36,Enterprise,REG-04,2024-02-01,799467.72,753,Churned,2024-10-07
CUST-0702,Apex Systems 52,Government,REG-01,2023-04-16,324259.97,788,Active,
CUST-0703,Apex Enterprises 91,Mid-Market,REG-03,2023-07-25,215900.1,690,Active,
CUST-0704,Horizon Systems 44,Mid-Market,REG-02,2023-10-08,172953.22,779,Active,
CUST-0705,Vanguard Dynamics 79,SMB,REG-05,2023-11-23,117763.03,800,Active,
CUST-0706,Titan Dynamics 31,Enterprise,REG-03,2024-09-19,955712.72,758,Active,
CUST-0707,Nexus Tech 70,Enterprise,REG-01,2024-01-28,222074.89,729,Active,
CUST-0708,Titan Labs 88,SMB,REG-03,2023-12-07,254360.49,802,Active,
CUST-0709,Paramount Systems 69,Startup,REG-02,2023-04-06,253212.75,798,Active,
CUST-0710,Horizon Enterprises 97,Government,REG-04,2023-08-26,516351.72,656,Active,
CUST-0711,Titan Enterprises 56,Government,REG-02,2024-12-17,502768.99,704,Active,
CUST-0712,Synergy Labs 72,Enterprise,REG-01,2024-05-01,273776.18,742,Active,
CUST-0713,Nexus Enterprises 54,Startup,REG-05,2023-05-11,176987.42,723,Active,
CUST-0714,Vanguard Industries 81,Enterprise,REG-03,2024-06-29,578353.0,771,Active,
CUST-0715,Titan Dynamics 80,Mid-Market,REG-04,2024-01-29,146332.96,673,Active,
CUST-0716,Titan Holdings 65,Startup,REG-03,2024-07-11,223533.29,664,Active,
CUST-0717,Vanguard Labs 24,Startup,REG-05,2024-04-19,131344.52,644,Active,
CUST-0718,Nexus Enterprises 61,Enterprise,REG-05,2023-04-22,774820.1,772,Active,
CUST-0719,Omni Industries 73,Enterprise,REG-01,2023-08-11,889904.39,847,Active,
CUST-0720,Apex Solutions 94,Mid-Market,REG-04,2024-06-28,270326.79,777,Active,
CUST-0721,Starlight Dynamics 97,SMB,REG-03,2024-08-06,248586.66,793,Active,
CUST-0722,Omni Industries 21,Startup,REG-01,2024-09-18,296605.41,723,Active,
CUST-0723,Quantum Tech 57,Startup,REG-01,2023-01-01,225838.53,830,Active,
CUST-0724,Vanguard Enterprises 13,Mid-Market,REG-04,2024-12-20,434590.13,780,Active,
CUST-0725,Omni Holdings 58,Government,REG-05,2023-08-05,388119.4,741,Active,
CUST-0726,Paramount Holdings 56,Government,REG-02,2023-10-23,538855.22,791,Active,
CUST-0727,Apex Systems 92,Enterprise,REG-02,2025-01-08,949277.6,788,Active,
CUST-0728,Nexus Systems 27,Government,REG-04,2025-07-04,445017.79,774,Active,
CUST-0729,Titan Solutions 68,Startup,REG-04,2024-07-19,255017.86,718,Active,
CUST-0730,Nexus Holdings 87,Enterprise,REG-05,2024-05-25,915953.4,680,Active,
CUST-0731,Quantum Holdings 79,Startup,REG-03,2023-02-04,294558.36,765,Active,
CUST-0732,Synergy Systems 84,Government,REG-01,2023-05-26,418583.46,754,Active,
CUST-0733,Quantum Labs 76,Enterprise,REG-05,2025-06-30,708811.78,682,Active,
CUST-0734,Vanguard Digital 84,SMB,REG-05,2023-02-24,275896.32,756,Active,
CUST-0735,Horizon Labs 75,Government,REG-05,2025-01-21,239181.3,710,Active,
CUST-0736,Quantum Enterprises 31,Enterprise,REG-05,2025-02-06,441061.99,820,Active,
CUST-0737,Apex Labs 84,Mid-Market,REG-05,2023-02-22,470975.94,694,Active,
CUST-0738,Titan Tech 46,Government,REG-01,2023-05-10,317518.25,837,Active,
CUST-0739,Quantum Solutions 88,SMB,REG-03,2025-05-28,114238.93,809,Churned,2025-11-23
CUST-0740,Titan Solutions 94,Government,REG-03,2025-04-07,168929.71,820,Active,
CUST-0741,Horizon Solutions 77,Enterprise,REG-03,2023-03-28,1021427.43,772,Active,
CUST-0742,Nexus Labs 62,Government,REG-02,2024-11-07,288083.25,783,Active,
CUST-0743,Titan Industries 16,SMB,REG-01,2023-02-23,91900.1,722,Active,
CUST-0744,Horizon Digital 39,Government,REG-04,2024-04-30,208181.32,755,Active,
CUST-0745,Apex Enterprises 67,Government,REG-03,2025-09-11,328614.04,630,Churned,2026-09-08
CUST-0746,Synergy Holdings 88,SMB,REG-03,2023-10-04,116771.95,645,Active,
CUST-0747,Titan Holdings 69,Mid-Market,REG-05,2025-02-27,217209.13,706,Active,
CUST-0748,Nexus Industries 80,Enterprise,REG-01,2025-05-01,234457.96,725,Churned,2025-09-21
CUST-0749,Horizon Industries 38,SMB,REG-03,2023-07-17,58510.44,778,Churned,2024-08-14
CUST-0750,Starlight Systems 25,Enterprise,REG-05,2023-05-14,503963.64,815,Active,
CUST-0751,Titan Solutions 24,Mid-Market,REG-03,2023-10-29,366825.57,639,Active,
CUST-0752,Quantum Holdings 98,SMB,REG-03,2023-06-15,245182.82,690,Active,
CUST-0753,Omni Holdings 52,Enterprise,REG-03,2025-09-05,886200.76,665,Active,
CUST-0754,Horizon Dynamics 88,Government,REG-02,2024-10-22,311425.78,656,Active,
CUST-0755,Omni Dynamics 88,Enterprise,REG-04,2025-01-02,401621.72,628,Churned,2026-01-19
CUST-0756,Quantum Labs 12,Government,REG-02,2024-10-30,378150.87,629,Active,
CUST-0757,Quantum Solutions 99,SMB,REG-04,2024-08-11,50925.94,801,Active,
CUST-0758,Horizon Labs 65,Government,REG-01,2024-07-07,191631.08,718,Active,
CUST-0759,Horizon Systems 82,Startup,REG-03,2023-12-08,220458.93,722,Churned,2024-04-22
CUST-0760,Synergy Digital 53,Enterprise,REG-04,2025-02-17,845694.58,785,Active,
CUST-0761,Paramount Tech 59,Mid-Market,REG-03,2024-12-13,324557.6,647,Active,
CUST-0762,Synergy Labs 20,Government,REG-02,2023-05-24,106064.23,626,Active,
CUST-0763,Titan Dynamics 72,Government,REG-01,2025-03-22,333248.42,698,Active,
CUST-0764,Horizon Tech 14,SMB,REG-01,2023-12-12,246944.63,630,Active,
CUST-0765,Starlight Digital 68,Startup,REG-02,2025-01-28,194836.43,638,Churned,2025-07-09
CUST-0766,Horizon Tech 70,Startup,REG-01,2023-09-06,225324.2,653,Churned,2023-12-30
CUST-0767,Quantum Systems 68,Startup,REG-02,2025-05-05,197760.62,829,Active,
CUST-0768,Vanguard Labs 86,Startup,REG-02,2023-03-06,251113.38,729,Active,
CUST-0769,Omni Industries 25,Startup,REG-05,2023-05-21,130397.47,823,Active,
CUST-0770,Apex Solutions 52,Enterprise,REG-01,2023-10-08,298582.2,726,Active,
CUST-0771,Synergy Digital 31,Government,REG-02,2025-08-05,351893.61,654,Churned,2026-05-14
CUST-0772,Nexus Tech 72,Enterprise,REG-01,2023-01-08,331986.25,642,Active,
CUST-0773,Titan Enterprises 63,Government,REG-02,2023-07-31,154389.54,689,Active,
CUST-0774,Omni Dynamics 32,Startup,REG-01,2024-09-02,95000.12,747,Active,
CUST-0775,Vanguard Enterprises 54,Government,REG-01,2024-07-25,196037.55,650,Active,
CUST-0776,Vanguard Industries 79,Startup,REG-02,2024-04-20,242582.82,788,Active,
CUST-0777,Apex Dynamics 24,Mid-Market,REG-04,2024-05-24,206978.1,791,Active,
CUST-0778,Apex Industries 46,Mid-Market,REG-04,2023-09-15,293862.05,826,Active,
CUST-0779,Horizon Tech 23,Enterprise,REG-05,2023-06-30,313289.91,627,Active,
CUST-0780,Vanguard Systems 40,Government,REG-05,2024-08-16,236687.54,670,Active,
CUST-0781,Synergy Dynamics 24,SMB,REG-02,2023-04-11,109279.59,725,Active,
CUST-0782,Omni Dynamics 19,Government,REG-05,2024-05-11,114452.71,731,Active,
CUST-0783,Titan Labs 32,Government,REG-03,2023-05-20,295983.09,669,Active,
CUST-0784,Quantum Dynamics 52,Mid-Market,REG-01,2024-12-09,422766.21,691,Active,
CUST-0785,Horizon Labs 63,Mid-Market,REG-03,2023-08-14,597524.93,774,Active,
CUST-0786,Titan Solutions 83,Startup,REG-02,2023-03-30,152924.04,753,Active,
CUST-0787,Starlight Labs 69,SMB,REG-01,2025-01-17,157027.59,843,Active,
CUST-0788,Synergy Holdings 84,Mid-Market,REG-05,2025-08-26,191933.34,766,Active,
CUST-0789,Omni Tech 15,Government,REG-05,2023-02-04,281563.94,720,Active,
CUST-0790,Vanguard Labs 73,Mid-Market,REG-01,2024-07-25,524193.28,797,Active,
CUST-0791,Starlight Solutions 55,SMB,REG-02,2024-10-25,299737.91,624,Active,
CUST-0792,Quantum Solutions 68,Startup,REG-05,2023-01-25,294105.19,738,Active,
CUST-0793,Omni Solutions 57,Government,REG-01,2025-05-31,372287.26,718,Active,
CUST-0794,Synergy Digital 14,SMB,REG-04,2025-02-09,117447.35,776,Active,
CUST-0795,Starlight Systems 89,SMB,REG-01,2024-06-11,286330.56,792,Active,
CUST-0796,Apex Systems 59,SMB,REG-04,2024-09-25,60218.58,713,Active,
CUST-0797,Paramount Systems 81,Mid-Market,REG-02,2025-10-01,294211.32,758,Churned,2026-08-31
CUST-0798,Titan Dynamics 38,SMB,REG-03,2025-07-08,116839.46,794,Active,
CUST-0799,Apex Systems 57,SMB,REG-04,2024-05-12,175362.52,832,Active,
CUST-0800,Paramount Digital 47,Government,REG-05,2024-01-12,449956.74,797,Active,
CUST-0801,Vanguard Dynamics 68,Enterprise,REG-01,2024-02-05,960702.63,693,Active,
CUST-0802,Vanguard Systems 31,SMB,REG-01,2024-12-14,86988.51,658,Active,
CUST-0803,Paramount Tech 47,Government,REG-05,2025-08-12,149412.32,708,Active,
CUST-0804,Apex Enterprises 34,Enterprise,REG-01,2025-06-11,876740.46,833,Active,
CUST-0805,Synergy Holdings 84,SMB,REG-03,2024-05-12,198339.31,798,Active,
CUST-0806,Paramount Labs 68,SMB,REG-05,2023-05-16,274570.48,698,Active,
CUST-0807,Quantum Dynamics 71,SMB,REG-03,2025-02-27,261378.43,657,Active,
CUST-0808,Horizon Solutions 89,Mid-Market,REG-05,2023-10-20,210254.28,664,Active,
CUST-0809,Nexus Solutions 40,Enterprise,REG-01,2023-11-21,677709.52,732,Active,
CUST-0810,Nexus Dynamics 81,Enterprise,REG-03,2025-09-28,475866.14,715,Active,
CUST-0811,Nexus Digital 48,Enterprise,REG-01,2024-02-19,989685.3,816,Active,
CUST-0812,Horizon Industries 29,Enterprise,REG-05,2025-09-26,618982.9,785,Active,
CUST-0813,Horizon Enterprises 83,Mid-Market,REG-05,2025-01-16,608784.43,733,Active,
CUST-0814,Vanguard Labs 15,Mid-Market,REG-05,2023-04-30,279445.21,722,Active,
CUST-0815,Starlight Labs 55,Enterprise,REG-03,2023-02-26,707132.31,669,Active,
CUST-0816,Starlight Enterprises 35,Enterprise,REG-01,2024-07-05,918269.97,793,Active,
CUST-0817,Vanguard Digital 60,Mid-Market,REG-04,2023-11-22,441744.53,750,Active,
CUST-0818,Synergy Holdings 28,Government,REG-03,2024-01-31,257774.02,692,Active,
CUST-0819,Quantum Labs 81,Enterprise,REG-02,2025-01-15,951829.27,809,Active,
CUST-0820,Horizon Enterprises 30,Government,REG-04,2023-05-23,465980.19,773,Churned,2023-12-05
CUST-0821,Quantum Labs 77,SMB,REG-01,2025-08-13,290023.82,813,Active,
CUST-0822,Apex Holdings 91,SMB,REG-04,2023-06-29,188953.46,801,Active,
CUST-0823,Nexus Dynamics 33,Government,REG-03,2024-07-21,310763.53,830,Active,
CUST-0824,Titan Enterprises 73,Startup,REG-04,2023-08-18,56710.0,620,Active,
CUST-0825,Quantum Labs 25,SMB,REG-04,2023-07-03,172971.63,796,Active,
CUST-0826,Apex Systems 45,Government,REG-01,2024-09-05,425504.51,768,Active,
CUST-0827,Omni Enterprises 90,Government,REG-01,2024-01-18,320636.64,767,Churned,2024-08-27
CUST-0828,Nexus Tech 28,SMB,REG-04,2025-06-18,223320.76,711,Active,
CUST-0829,Quantum Industries 63,SMB,REG-01,2023-10-24,122916.02,783,Active,
CUST-0830,Paramount Dynamics 90,Mid-Market,REG-01,2024-09-05,523945.68,759,Active,
CUST-0831,Synergy Enterprises 44,SMB,REG-01,2024-07-01,195011.66,830,Active,
CUST-0832,Nexus Digital 46,SMB,REG-04,2024-02-26,135078.27,661,Churned,2024-08-13
CUST-0833,Paramount Dynamics 34,Startup,REG-05,2024-12-07,257854.05,754,Active,
CUST-0834,Paramount Systems 63,Government,REG-01,2023-04-30,458480.13,624,Active,
CUST-0835,Quantum Industries 27,Government,REG-05,2024-06-19,433615.3,707,Active,
CUST-0836,Quantum Tech 25,Mid-Market,REG-02,2025-05-27,491834.33,796,Active,
CUST-0837,Nexus Dynamics 26,Enterprise,REG-04,2024-12-08,842645.73,648,Churned,2025-11-10
CUST-0838,Omni Tech 35,Enterprise,REG-01,2025-03-23,752315.24,771,Churned,2025-08-20
CUST-0839,Quantum Tech 18,SMB,REG-01,2025-02-11,74125.9,651,Active,
CUST-0840,Starlight Dynamics 33,SMB,REG-01,2023-04-03,86389.24,811,Active,
CUST-0841,Titan Industries 55,Mid-Market,REG-05,2025-03-10,510704.75,681,Active,
CUST-0842,Vanguard Systems 84,Enterprise,REG-05,2023-08-11,801335.18,692,Active,
CUST-0843,Paramount Tech 22,Mid-Market,REG-05,2025-05-21,499265.85,713,Active,
CUST-0844,Nexus Labs 96,Enterprise,REG-02,2025-05-04,485469.55,717,Active,
CUST-0845,Paramount Dynamics 62,Enterprise,REG-03,2023-05-07,582663.98,753,Active,
CUST-0846,Synergy Enterprises 81,Enterprise,REG-01,2023-12-02,606998.7,718,Active,
CUST-0847,Titan Enterprises 97,Government,REG-02,2024-07-21,273277.0,838,Active,
CUST-0848,Vanguard Labs 96,SMB,REG-02,2023-01-14,299680.83,745,Active,
CUST-0849,Omni Labs 76,Enterprise,REG-01,2023-05-27,520460.03,797,Active,
CUST-0850,Vanguard Solutions 18,SMB,REG-02,2023-12-13,100065.87,836,Active,
CUST-0851,Vanguard Dynamics 64,Government,REG-03,2025-02-22,411072.21,768,Active,
CUST-0852,Omni Industries 70,Startup,REG-04,2024-05-11,177853.63,657,Active,
CUST-0853,Vanguard Systems 42,Government,REG-04,2023-08-25,372766.96,654,Churned,2023-12-20
CUST-0854,Vanguard Labs 96,Enterprise,REG-02,2024-01-27,704010.93,703,Active,
CUST-0855,Titan Systems 19,Startup,REG-04,2025-03-22,166505.46,695,Active,
CUST-0856,Horizon Digital 43,Startup,REG-03,2025-04-08,264918.08,759,Churned,2025-07-23
CUST-0857,Omni Systems 59,Government,REG-03,2025-05-23,259351.45,737,Churned,2025-11-19
CUST-0858,Paramount Enterprises 31,Government,REG-04,2023-05-18,230606.85,719,Active,
CUST-0859,Vanguard Labs 94,Startup,REG-05,2024-08-08,167454.59,763,Active,
CUST-0860,Paramount Tech 60,SMB,REG-04,2024-08-28,292717.69,777,Active,
CUST-0861,Quantum Industries 17,Enterprise,REG-05,2023-02-16,287173.31,713,Active,
CUST-0862,Titan Tech 90,SMB,REG-04,2023-04-10,157037.05,711,Active,
CUST-0863,Apex Dynamics 41,Mid-Market,REG-03,2024-08-29,156717.96,796,Churned,2025-05-02
CUST-0864,Vanguard Industries 31,Enterprise,REG-05,2023-11-30,207705.42,788,Active,
CUST-0865,Titan Digital 63,SMB,REG-01,2024-12-13,167424.98,625,Active,
CUST-0866,Omni Holdings 51,Startup,REG-01,2025-04-07,172089.65,796,Active,
CUST-0867,Synergy Labs 74,SMB,REG-02,2024-09-21,124880.22,731,Active,
CUST-0868,Vanguard Digital 37,SMB,REG-03,2023-02-18,124330.07,766,Active,
CUST-0869,Starlight Systems 84,Enterprise,REG-05,2023-12-11,414194.32,765,Active,
CUST-0870,Horizon Holdings 36,SMB,REG-01,2024-10-29,255934.74,749,Active,
CUST-0871,Omni Digital 50,Mid-Market,REG-04,2024-02-16,248195.64,751,Active,
CUST-0872,Paramount Solutions 12,Startup,REG-02,2024-08-13,174800.91,789,Active,
CUST-0873,Horizon Enterprises 91,Startup,REG-05,2025-05-23,242279.79,731,Active,
CUST-0874,Apex Digital 35,SMB,REG-04,2023-06-01,110093.49,811,Active,
CUST-0875,Quantum Holdings 62,SMB,REG-01,2024-10-11,100889.51,725,Active,
CUST-0876,Quantum Solutions 42,Startup,REG-02,2024-02-20,109620.86,658,Active,
CUST-0877,Starlight Enterprises 69,Government,REG-05,2024-03-22,279908.61,629,Active,
CUST-0878,Quantum Solutions 13,SMB,REG-03,2024-11-05,187676.53,784,Active,
CUST-0879,Horizon Tech 17,Enterprise,REG-03,2024-09-08,435731.78,636,Active,
CUST-0880,Omni Industries 95,Enterprise,REG-04,2025-08-23,909834.16,835,Active,
CUST-0881,Vanguard Digital 25,Startup,REG-05,2025-08-30,243778.97,754,Active,
CUST-0882,Vanguard Dynamics 86,Enterprise,REG-03,2023-12-04,903292.39,808,Active,
CUST-0883,Starlight Holdings 37,Mid-Market,REG-01,2023-06-29,227759.75,690,Active,
CUST-0884,Quantum Tech 72,Startup,REG-03,2024-12-17,287177.72,701,Active,
CUST-0885,Horizon Dynamics 45,Mid-Market,REG-03,2024-05-01,503619.18,830,Active,
CUST-0886,Titan Tech 94,Enterprise,REG-02,2023-09-17,658636.92,699,Active,
CUST-0887,Synergy Systems 78,Mid-Market,REG-04,2024-02-02,114326.36,720,Active,
CUST-0888,Quantum Enterprises 21,Mid-Market,REG-03,2023-08-04,582679.21,661,Active,
CUST-0889,Synergy Holdings 14,SMB,REG-01,2025-04-22,244864.17,745,Active,
CUST-0890,Omni Industries 64,Enterprise,REG-02,2024-12-16,403348.82,636,Active,
CUST-0891,Titan Digital 51,Government,REG-01,2025-02-19,113444.47,784,Active,
CUST-0892,Horizon Solutions 10,Government,REG-02,2024-10-05,227496.39,767,Churned,2025-03-24
CUST-0893,Starlight Digital 93,Mid-Market,REG-05,2024-12-03,335673.91,701,Active,
CUST-0894,Nexus Enterprises 32,Startup,REG-03,2025-03-29,120449.33,641,Active,
CUST-0895,Nexus Holdings 58,Startup,REG-02,2023-01-22,287027.3,762,Active,
CUST-0896,Starlight Systems 69,Mid-Market,REG-03,2024-12-19,578506.98,632,Active,
CUST-0897,Omni Enterprises 29,Enterprise,REG-03,2023-06-24,1003838.07,650,Churned,2024-06-17
CUST-0898,Omni Labs 96,Government,REG-01,2023-08-18,411103.67,668,Active,
CUST-0899,Quantum Enterprises 73,Government,REG-02,2024-03-17,475351.98,773,Active,
CUST-0900,Quantum Dynamics 63,Mid-Market,REG-04,2025-03-22,190268.57,694,Active,
CUST-0901,Starlight Labs 41,SMB,REG-05,2024-12-01,211808.89,641,Churned,2025-05-08
CUST-0902,Synergy Holdings 97,Mid-Market,REG-04,2024-12-26,342810.02,772,Active,
CUST-0903,Vanguard Digital 17,Enterprise,REG-03,2025-08-11,380486.26,710,Active,
CUST-0904,Titan Tech 10,SMB,REG-05,2024-09-26,145234.42,721,Active,
CUST-0905,Nexus Digital 15,Startup,REG-02,2023-09-24,92466.62,746,Active,
CUST-0906,Horizon Solutions 21,SMB,REG-05,2024-03-19,85448.93,649,Active,
CUST-0907,Nexus Labs 45,SMB,REG-04,2023-10-17,275698.17,687,Active,
CUST-0908,Quantum Digital 50,Government,REG-02,2023-11-20,421591.16,745,Active,
CUST-0909,Nexus Digital 94,Government,REG-01,2023-07-13,156879.36,678,Active,
CUST-0910,Horizon Enterprises 30,Government,REG-04,2023-04-29,537840.78,746,Churned,2024-01-26
CUST-0911,Paramount Labs 68,Government,REG-01,2025-05-16,413893.78,657,Active,
CUST-0912,Vanguard Dynamics 46,Mid-Market,REG-02,2025-02-06,389805.77,689,Active,
CUST-0913,Titan Dynamics 84,Enterprise,REG-05,2025-02-24,674439.33,726,Active,
CUST-0914,Starlight Labs 96,Enterprise,REG-03,2023-01-27,423746.1,794,Active,
CUST-0915,Synergy Systems 51,Mid-Market,REG-01,2023-03-25,363128.25,801,Active,
CUST-0916,Horizon Enterprises 86,Enterprise,REG-03,2025-09-20,213366.12,779,Active,
CUST-0917,Synergy Solutions 37,Enterprise,REG-03,2023-11-27,873378.6,810,Churned,2024-12-29
CUST-0918,Omni Systems 61,SMB,REG-02,2023-09-03,291262.33,841,Active,
CUST-0919,Apex Dynamics 30,Government,REG-04,2023-10-19,381225.6,787,Active,
CUST-0920,Quantum Labs 65,SMB,REG-05,2023-05-15,139761.06,644,Active,
CUST-0921,Paramount Dynamics 72,Government,REG-04,2024-05-02,210815.73,773,Active,
CUST-0922,Omni Industries 88,Mid-Market,REG-04,2024-10-07,344309.4,630,Active,
CUST-0923,Horizon Dynamics 92,Mid-Market,REG-04,2024-06-23,456257.77,754,Churned,2025-05-18
CUST-0924,Omni Systems 71,SMB,REG-02,2023-05-11,221078.48,696,Active,
CUST-0925,Paramount Holdings 47,Startup,REG-01,2024-07-18,69133.13,631,Active,
CUST-0926,Paramount Holdings 62,Enterprise,REG-04,2024-11-07,805271.25,828,Active,
CUST-0927,Quantum Systems 74,Enterprise,REG-01,2025-01-28,753881.03,665,Active,
CUST-0928,Omni Tech 20,Government,REG-03,2023-11-18,354243.77,736,Active,
CUST-0929,Horizon Enterprises 53,Mid-Market,REG-02,2023-07-09,153021.29,774,Active,
CUST-0930,Vanguard Holdings 78,Enterprise,REG-01,2024-02-09,277093.48,663,Active,
CUST-0931,Horizon Holdings 94,Startup,REG-04,2023-11-07,204624.84,777,Active,
CUST-0932,Omni Enterprises 21,Mid-Market,REG-02,2023-01-15,214941.15,828,Churned,2023-07-20
CUST-0933,Apex Dynamics 71,Mid-Market,REG-02,2024-03-22,573149.34,839,Active,
CUST-0934,Starlight Systems 48,Government,REG-02,2024-04-30,279845.65,649,Active,
CUST-0935,Nexus Labs 72,Government,REG-01,2025-05-30,292282.33,682,Active,
CUST-0936,Titan Holdings 16,SMB,REG-01,2023-04-16,207602.47,802,Active,
CUST-0937,Omni Labs 84,Startup,REG-05,2023-10-25,59254.3,722,Active,
CUST-0938,Titan Labs 39,Enterprise,REG-05,2023-01-20,544253.98,700,Active,
CUST-0939,Quantum Holdings 70,Enterprise,REG-04,2024-09-29,996593.92,708,Active,
CUST-0940,Omni Tech 30,SMB,REG-02,2024-04-25,135961.85,679,Active,
CUST-0941,Titan Industries 87,Government,REG-02,2025-06-23,222027.32,802,Active,
CUST-0942,Omni Industries 70,Mid-Market,REG-05,2023-08-01,265351.47,811,Churned,2024-07-03
CUST-0943,Nexus Solutions 35,Mid-Market,REG-05,2024-05-18,165497.05,726,Active,
CUST-0944,Horizon Enterprises 40,Mid-Market,REG-05,2023-02-18,659593.67,711,Active,
CUST-0945,Synergy Solutions 32,Startup,REG-01,2025-04-06,65916.4,730,Churned,2025-10-29
CUST-0946,Vanguard Digital 38,Government,REG-03,2023-12-15,443198.61,816,Churned,2024-12-24
CUST-0947,Quantum Solutions 98,Startup,REG-05,2024-11-16,76035.51,632,Active,
CUST-0948,Horizon Labs 24,Enterprise,REG-05,2024-09-16,859386.73,646,Active,
CUST-0949,Apex Digital 23,Mid-Market,REG-01,2025-06-10,222962.43,712,Active,
CUST-0950,Quantum Labs 74,Government,REG-01,2023-06-07,381191.84,705,Active,
CUST-0951,Vanguard Dynamics 66,Government,REG-01,2023-09-09,465666.02,741,Active,
CUST-0952,Paramount Solutions 20,SMB,REG-03,2025-01-02,238711.3,712,Active,
CUST-0953,Starlight Solutions 77,Government,REG-02,2023-05-22,450795.91,725,Active,
CUST-0954,Horizon Digital 97,SMB,REG-01,2024-03-29,86396.08,622,Active,
CUST-0955,Paramount Systems 20,SMB,REG-03,2024-02-16,295486.23,662,Active,
CUST-0956,Omni Tech 94,Mid-Market,REG-05,2023-03-01,647753.14,802,Active,
CUST-0957,Paramount Enterprises 63,Government,REG-05,2025-06-13,226945.36,810,Active,
CUST-0958,Synergy Tech 45,Startup,REG-05,2025-07-31,86715.45,723,Active,
CUST-0959,Starlight Digital 89,Startup,REG-04,2024-12-15,136312.65,827,Active,
CUST-0960,Omni Dynamics 48,Enterprise,REG-01,2024-07-04,467681.31,805,Active,
CUST-0961,Nexus Digital 79,SMB,REG-02,2023-04-06,177917.9,699,Active,
CUST-0962,Nexus Tech 13,Startup,REG-05,2023-09-22,110334.94,818,Active,
CUST-0963,Omni Digital 24,Enterprise,REG-03,2023-09-23,723615.84,710,Active,
CUST-0964,Vanguard Labs 48,Startup,REG-01,2024-04-09,134745.07,680,Active,
CUST-0965,Titan Digital 86,Mid-Market,REG-03,2023-11-03,266494.52,820,Active,
CUST-0966,Titan Solutions 58,Startup,REG-02,2023-04-18,131961.74,769,Active,
CUST-0967,Synergy Labs 22,Mid-Market,REG-04,2025-04-28,336629.12,643,Churned,2025-10-01
CUST-0968,Horizon Dynamics 67,Enterprise,REG-03,2024-11-24,635473.65,770,Active,
CUST-0969,Omni Enterprises 84,Government,REG-04,2024-03-26,400058.04,745,Active,
CUST-0970,Omni Solutions 28,Startup,REG-02,2024-05-11,227787.64,653,Active,
CUST-0971,Paramount Digital 25,Mid-Market,REG-04,2024-04-29,127934.06,660,Active,
CUST-0972,Synergy Systems 87,Government,REG-01,2023-05-04,256313.68,694,Churned,2023-10-19
CUST-0973,Vanguard Industries 49,SMB,REG-03,2023-10-29,171481.39,822,Active,
CUST-0974,Titan Holdings 16,SMB,REG-03,2023-08-09,95769.28,809,Active,
CUST-0975,Vanguard Digital 54,Enterprise,REG-01,2024-03-03,596029.38,699,Active,
CUST-0976,Synergy Holdings 70,Startup,REG-02,2025-02-19,84630.57,782,Active,
CUST-0977,Horizon Labs 29,SMB,REG-01,2025-03-30,206192.61,779,Active,
CUST-0978,Starlight Holdings 53,Startup,REG-01,2025-09-08,217610.96,733,Active,
CUST-0979,Vanguard Solutions 13,Startup,REG-03,2024-07-28,211289.92,784,Active,
CUST-0980,Starlight Digital 83,Enterprise,REG-05,2024-06-18,340721.39,741,Active,
CUST-0981,Apex Systems 94,Startup,REG-02,2025-09-12,54743.4,821,Active,
CUST-0982,Titan Labs 20,Startup,REG-05,2023-11-25,150449.47,631,Active,
CUST-0983,Apex Industries 65,Mid-Market,REG-04,2023-01-25,582806.63,701,Active,
CUST-0984,Vanguard Systems 22,Startup,REG-02,2023-10-20,86008.56,685,Active,
CUST-0985,Nexus Enterprises 62,Mid-Market,REG-01,2024-09-21,638617.83,666,Churned,2025-01-18
CUST-0986,Quantum Holdings 22,SMB,REG-02,2024-02-27,273252.76,686,Active,
CUST-0987,Vanguard Tech 35,Mid-Market,REG-05,2024-08-23,240070.11,750,Active,
CUST-0988,Omni Systems 44,Enterprise,REG-03,2024-04-20,658980.95,636,Active,
CUST-0989,Omni Dynamics 12,SMB,REG-05,2025-09-13,196543.17,645,Active,
CUST-0990,Paramount Solutions 48,Startup,REG-04,2024-04-01,70977.09,782,Active,
CUST-0991,Nexus Industries 79,Mid-Market,REG-02,2024-07-04,633936.94,762,Active,
CUST-0992,Apex Labs 89,SMB,REG-02,2023-01-01,65043.76,743,Active,
CUST-0993,Quantum Holdings 54,Mid-Market,REG-05,2025-05-10,390680.63,631,Active,
CUST-0994,Paramount Systems 48,Enterprise,REG-04,2024-12-16,282604.84,655,Active,
CUST-0995,Quantum Holdings 36,Startup,REG-05,2025-09-07,250514.14,846,Active,
CUST-0996,Synergy Enterprises 67,SMB,REG-02,2024-11-09,295755.49,707,Active,
CUST-0997,Titan Industries 12,Mid-Market,REG-01,2024-09-15,372090.92,850,Churned,2025-03-12
CUST-0998,Omni Digital 99,Government,REG-04,2024-07-05,126516.95,844,Active,
CUST-0999,Vanguard Digital 13,Government,REG-01,2023-12-28,527417.56,716,Active,
CUST-1000,Synergy Holdings 32,Enterprise,REG-01,2024-04-18,499170.56,669,Active,
CUST-1001,Starlight Tech 45,SMB,REG-02,2023-04-03,254070.21,780,Active,
CUST-1002,Starlight Dynamics 73,SMB,REG-01,2023-10-15,173209.47,800,Active,
CUST-1003,Starlight Tech 35,Government,REG-01,2025-06-09,214806.4,748,Active,
CUST-1004,Paramount Dynamics 94,Startup,REG-05,2024-08-01,93882.21,770,Active,
CUST-1005,Vanguard Solutions 43,Startup,REG-02,2025-06-21,180769.99,820,Active,
CUST-1006,Apex Digital 88,SMB,REG-05,2025-06-23,163481.53,729,Active,
CUST-1007,Apex Industries 65,Government,REG-03,2023-05-05,396078.06,739,Active,
CUST-1008,Paramount Tech 38,Enterprise,REG-03,2025-07-29,542554.31,734,Active,
CUST-1009,Omni Dynamics 52,Enterprise,REG-05,2025-04-07,197200.45,808,Active,
CUST-1010,Omni Systems 41,Mid-Market,REG-02,2023-12-04,280943.22,780,Active,
CUST-1011,Apex Labs 65,Enterprise,REG-05,2025-03-27,723009.97,705,Active,
CUST-1012,Starlight Systems 70,Mid-Market,REG-03,2025-05-02,139938.07,705,Active,
CUST-1013,Starlight Systems 86,Startup,REG-04,2025-02-21,73917.69,734,Active,
CUST-1014,Vanguard Tech 14,Government,REG-03,2025-06-30,471461.47,636,Active,
CUST-1015,Apex Labs 17,SMB,REG-05,2024-10-03,157959.75,646,Active,
CUST-1016,Paramount Tech 47,Government,REG-04,2023-04-09,367785.89,725,Active,
CUST-1017,Titan Tech 68,Government,REG-04,2025-03-25,282647.58,778,Active,
CUST-1018,Synergy Tech 68,Startup,REG-03,2024-08-24,98120.33,646,Churned,2024-12-26
CUST-1019,Titan Dynamics 83,Mid-Market,REG-05,2023-09-20,305465.17,743,Active,
CUST-1020,Horizon Solutions 41,Mid-Market,REG-01,2023-03-03,180224.41,769,Active,
CUST-1021,Synergy Enterprises 84,Startup,REG-02,2023-05-31,167380.94,774,Active,
CUST-1022,Synergy Tech 76,Startup,REG-02,2023-02-28,109346.84,829,Active,
CUST-1023,Apex Holdings 54,Mid-Market,REG-02,2024-10-17,609675.12,821,Churned,2025-04-21
CUST-1024,Horizon Labs 86,SMB,REG-05,2024-08-02,290766.22,777,Active,
CUST-1025,Synergy Solutions 23,Government,REG-01,2024-05-22,188732.65,620,Active,
CUST-1026,Starlight Labs 89,Mid-Market,REG-02,2024-05-07,514022.4,828,Active,
CUST-1027,Omni Dynamics 61,Mid-Market,REG-01,2024-01-07,115440.65,711,Churned,2024-06-03
CUST-1028,Nexus Enterprises 66,Mid-Market,REG-05,2025-07-23,531043.0,631,Active,
CUST-1029,Starlight Dynamics 46,Mid-Market,REG-02,2025-06-25,254099.37,664,Active,
CUST-1030,Paramount Dynamics 32,Mid-Market,REG-01,2023-06-30,573584.78,645,Churned,2023-12-07
CUST-1031,Omni Systems 53,Mid-Market,REG-03,2024-04-12,242082.46,827,Active,
CUST-1032,Nexus Digital 89,Government,REG-01,2023-05-02,154994.51,653,Active,
CUST-1033,Starlight Digital 58,SMB,REG-03,2024-09-05,157385.04,782,Active,
CUST-1034,Apex Dynamics 78,SMB,REG-02,2023-12-02,111792.91,781,Active,
CUST-1035,Nexus Digital 84,Government,REG-02,2025-01-14,126633.47,740,Active,
CUST-1036,Titan Systems 31,Startup,REG-04,2025-02-08,270605.52,812,Active,
CUST-1037,Horizon Digital 69,Mid-Market,REG-03,2024-12-30,315633.3,797,Active,
CUST-1038,Horizon Labs 44,Startup,REG-04,2024-10-15,280296.31,769,Active,
CUST-1039,Starlight Dynamics 35,Government,REG-02,2024-02-10,188367.18,728,Active,
CUST-1040,Titan Solutions 57,SMB,REG-05,2023-03-28,83582.58,641,Active,
CUST-1041,Paramount Industries 39,Startup,REG-01,2024-04-21,178065.52,706,Active,
CUST-1042,Horizon Holdings 62,SMB,REG-04,2023-11-21,118254.87,626,Active,
CUST-1043,Starlight Enterprises 92,Enterprise,REG-03,2025-07-12,247116.2,835,Active,
CUST-1044,Paramount Systems 45,Mid-Market,REG-01,2023-05-02,149241.77,629,Active,
CUST-1045,Synergy Dynamics 96,SMB,REG-03,2023-11-06,236302.84,816,Active,
CUST-1046,Quantum Dynamics 87,Mid-Market,REG-05,2025-07-23,253624.49,817,Active,
CUST-1047,Synergy Holdings 61,Startup,REG-01,2024-04-28,213522.76,814,Active,
CUST-1048,Omni Dynamics 39,Mid-Market,REG-04,2023-08-28,393703.94,821,Active,
CUST-1049,Horizon Labs 53,Enterprise,REG-03,2025-05-16,339365.73,817,Active,
CUST-1050,Omni Dynamics 66,Government,REG-05,2023-01-31,258615.08,767,Active,
CUST-1051,Quantum Tech 73,SMB,REG-03,2023-08-19,154786.83,795,Active,
CUST-1052,Paramount Enterprises 51,Startup,REG-01,2024-08-04,246339.45,655,Active,
CUST-1053,Synergy Holdings 58,Mid-Market,REG-04,2023-03-07,403969.82,668,Active,
CUST-1054,Synergy Labs 91,SMB,REG-01,2023-06-25,76078.29,761,Active,
CUST-1055,Titan Labs 13,Mid-Market,REG-02,2023-03-13,611239.92,718,Active,
CUST-1056,Starlight Enterprises 94,Startup,REG-01,2024-04-10,64363.3,752,Churned,2024-12-23
CUST-1057,Omni Holdings 30,Enterprise,REG-02,2024-07-03,541111.55,810,Churned,2025-01-14
CUST-1058,Nexus Dynamics 49,Government,REG-04,2023-06-12,361669.25,699,Active,
CUST-1059,Paramount Labs 45,Mid-Market,REG-01,2023-05-27,355152.37,831,Active,
CUST-1060,Starlight Digital 52,Startup,REG-04,2024-04-16,165673.86,630,Active,
CUST-1061,Quantum Labs 54,SMB,REG-04,2024-09-19,255857.4,837,Active,
CUST-1062,Starlight Solutions 89,Government,REG-04,2024-01-29,499874.89,666,Active,
CUST-1063,Vanguard Holdings 99,Enterprise,REG-02,2025-06-25,936722.14,690,Active,
CUST-1064,Paramount Enterprises 95,Enterprise,REG-02,2025-07-19,606801.63,815,Active,
CUST-1065,Synergy Systems 23,Startup,REG-03,2024-02-24,162734.0,684,Active,
CUST-1066,Apex Labs 13,Enterprise,REG-04,2024-01-26,475700.5,722,Active,
CUST-1067,Omni Tech 11,SMB,REG-01,2024-12-27,279284.24,703,Active,
CUST-1068,Horizon Labs 69,Enterprise,REG-01,2024-07-15,749894.78,802,Active,
CUST-1069,Nexus Labs 45,Mid-Market,REG-02,2025-05-08,119936.37,645,Active,
CUST-1070,Vanguard Digital 60,Mid-Market,REG-01,2024-11-18,529973.98,793,Active,
CUST-1071,Horizon Industries 32,Mid-Market,REG-01,2025-07-03,481274.27,675,Active,
CUST-1072,Apex Digital 92,Enterprise,REG-04,2024-12-07,444783.72,633,Active,
CUST-1073,Apex Holdings 35,Mid-Market,REG-03,2025-07-19,241197.18,643,Churned,2025-10-31
CUST-1074,Apex Industries 34,Enterprise,REG-02,2025-09-08,947000.3,824,Active,
CUST-1075,Nexus Solutions 15,Government,REG-05,2023-04-21,457030.95,702,Active,
CUST-1076,Starlight Dynamics 79,Government,REG-04,2023-05-04,194583.66,647,Active,
CUST-1077,Nexus Tech 61,SMB,REG-01,2024-02-03,103191.98,676,Churned,2024-09-22
CUST-1078,Titan Industries 15,Enterprise,REG-02,2024-02-25,438842.47,773,Active,
CUST-1079,Vanguard Digital 82,Mid-Market,REG-03,2025-09-09,162109.51,703,Active,
CUST-1080,Omni Solutions 52,Mid-Market,REG-03,2025-09-28,578354.82,743,Churned,2026-01-05
CUST-1081,Titan Labs 58,Startup,REG-02,2024-05-30,196867.14,623,Active,
CUST-1082,Titan Systems 49,Mid-Market,REG-04,2025-02-14,243950.15,640,Churned,2025-11-22
CUST-1083,Horizon Enterprises 35,Mid-Market,REG-04,2023-07-29,463121.39,680,Active,
CUST-1084,Titan Labs 52,Mid-Market,REG-03,2023-11-22,463981.14,814,Churned,2024-09-19
CUST-1085,Quantum Tech 39,SMB,REG-03,2023-09-06,101454.36,633,Active,
CUST-1086,Starlight Dynamics 87,Government,REG-05,2023-11-26,172595.46,781,Churned,2024-11-01
CUST-1087,Vanguard Dynamics 16,Mid-Market,REG-02,2023-05-09,160467.67,771,Active,
CUST-1088,Starlight Dynamics 74,Enterprise,REG-04,2025-01-12,583689.97,662,Active,
CUST-1089,Starlight Holdings 32,Startup,REG-02,2023-11-07,121338.22,734,Active,
CUST-1090,Starlight Enterprises 71,Enterprise,REG-03,2024-02-12,505502.8,740,Active,
CUST-1091,Paramount Holdings 29,Government,REG-01,2025-02-19,261638.69,838,Churned,2025-10-20
CUST-1092,Titan Digital 29,Startup,REG-02,2023-09-21,145112.56,698,Active,
CUST-1093,Omni Digital 87,Government,REG-01,2023-12-08,151495.36,740,Active,
CUST-1094,Starlight Tech 11,Startup,REG-03,2024-05-18,151138.82,726,Active,
CUST-1095,Synergy Holdings 72,SMB,REG-05,2023-03-14,152196.9,629,Active,
CUST-1096,Vanguard Holdings 82,Mid-Market,REG-02,2025-02-20,349963.87,685,Active,
CUST-1097,Synergy Digital 72,SMB,REG-01,2024-10-28,146333.29,728,Active,
CUST-1098,Starlight Labs 14,SMB,REG-01,2024-12-15,216418.91,657,Active,
CUST-1099,Horizon Solutions 42,Mid-Market,REG-05,2024-08-15,633478.03,835,Active,
CUST-1100,Vanguard Systems 92,Government,REG-04,2024-12-24,353772.19,850,Churned,2025-06-28
CUST-1101,Omni Solutions 64,SMB,REG-03,2024-05-27,291920.86,788,Active,
CUST-1102,Titan Enterprises 62,Enterprise,REG-01,2024-10-13,676035.23,824,Active,
CUST-1103,Nexus Enterprises 36,Government,REG-03,2023-01-07,534161.47,828,Active,
CUST-1104,Vanguard Systems 99,Government,REG-05,2024-03-02,384534.54,807,Active,
CUST-1105,Nexus Industries 33,Mid-Market,REG-02,2024-05-13,210091.38,648,Active,
CUST-1106,Starlight Solutions 35,Enterprise,REG-02,2025-04-08,839269.1,686,Active,
CUST-1107,Omni Labs 90,Startup,REG-01,2025-06-08,209108.41,640,Active,
CUST-1108,Omni Systems 45,Enterprise,REG-03,2023-01-31,687440.6,742,Active,
CUST-1109,Vanguard Tech 17,SMB,REG-01,2024-11-12,195611.36,630,Churned,2025-11-04
CUST-1110,Apex Holdings 87,Startup,REG-03,2025-08-12,171481.54,813,Active,
CUST-1111,Omni Industries 57,SMB,REG-03,2025-04-16,109899.26,712,Active,
CUST-1112,Omni Tech 55,SMB,REG-01,2023-01-04,164229.81,798,Active,
CUST-1113,Nexus Tech 87,Enterprise,REG-05,2023-10-14,1007179.2,812,Active,
CUST-1114,Synergy Labs 89,Government,REG-05,2024-02-28,387102.78,620,Active,
CUST-1115,Synergy Tech 91,SMB,REG-01,2025-09-19,251889.45,703,Active,
CUST-1116,Starlight Labs 61,Startup,REG-01,2023-12-23,156979.07,741,Active,
CUST-1117,Vanguard Holdings 47,Startup,REG-02,2024-12-30,85790.36,753,Active,
CUST-1118,Paramount Tech 26,Government,REG-01,2023-11-05,464559.35,760,Active,
CUST-1119,Horizon Solutions 67,Enterprise,REG-04,2024-11-09,648084.42,682,Active,
CUST-1120,Vanguard Systems 65,Enterprise,REG-02,2025-08-09,987846.44,718,Active,
CUST-1121,Starlight Enterprises 95,Government,REG-01,2024-11-12,151090.39,756,Active,
CUST-1122,Horizon Systems 98,SMB,REG-02,2025-08-12,193993.02,773,Churned,2026-05-04
CUST-1123,Omni Holdings 93,Startup,REG-04,2025-04-07,108341.86,686,Churned,2025-08-19
CUST-1124,Vanguard Systems 53,Startup,REG-02,2025-02-01,285501.92,766,Active,
CUST-1125,Synergy Holdings 83,Enterprise,REG-03,2023-03-05,691302.31,668,Active,
CUST-1126,Omni Industries 56,Mid-Market,REG-05,2024-11-10,440889.7,676,Churned,2025-02-12
CUST-1127,Paramount Labs 50,Mid-Market,REG-03,2025-05-07,230397.33,794,Active,
CUST-1128,Titan Enterprises 28,Enterprise,REG-05,2023-11-24,445280.0,796,Active,
CUST-1129,Titan Labs 90,Mid-Market,REG-04,2023-10-26,497277.26,716,Churned,2024-07-12
CUST-1130,Nexus Dynamics 38,Enterprise,REG-02,2025-05-27,601566.57,720,Active,
CUST-1131,Nexus Tech 80,Government,REG-03,2024-03-08,395054.41,709,Active,
CUST-1132,Omni Systems 77,SMB,REG-03,2024-12-14,280765.95,799,Active,
CUST-1133,Omni Systems 26,SMB,REG-05,2025-06-05,251267.95,837,Active,
CUST-1134,Quantum Labs 93,Mid-Market,REG-05,2023-05-21,353036.06,743,Active,
CUST-1135,Nexus Dynamics 37,Mid-Market,REG-01,2024-01-06,509276.63,767,Churned,2024-06-19
CUST-1136,Omni Holdings 96,Mid-Market,REG-01,2023-04-09,305571.12,741,Active,
CUST-1137,Apex Systems 75,SMB,REG-05,2024-03-20,292431.74,780,Active,
CUST-1138,Starlight Tech 25,Mid-Market,REG-04,2024-05-15,276479.29,772,Active,
CUST-1139,Omni Systems 69,Government,REG-03,2024-10-09,383937.96,714,Churned,2025-03-07
CUST-1140,Vanguard Systems 72,Startup,REG-02,2023-01-24,196712.62,766,Active,
CUST-1141,Vanguard Solutions 59,Government,REG-04,2023-11-02,347140.39,645,Active,
CUST-1142,Paramount Solutions 61,Enterprise,REG-04,2024-07-23,890279.99,820,Active,
CUST-1143,Horizon Systems 76,Startup,REG-05,2024-12-31,254706.9,786,Active,
CUST-1144,Starlight Systems 33,Startup,REG-02,2023-01-06,188680.44,824,Active,
CUST-1145,Apex Solutions 83,Mid-Market,REG-02,2023-03-31,419372.92,837,Active,
CUST-1146,Vanguard Systems 74,SMB,REG-03,2025-09-16,186106.79,728,Active,
CUST-1147,Apex Dynamics 48,Enterprise,REG-05,2025-07-15,859951.6,788,Active,
CUST-1148,Nexus Labs 98,SMB,REG-05,2025-07-21,296504.88,710,Active,
CUST-1149,Paramount Dynamics 98,Enterprise,REG-01,2023-08-31,207142.21,656,Active,
CUST-1150,Starlight Solutions 87,Startup,REG-02,2024-08-28,139766.29,652,Active,
CUST-1151,Omni Systems 80,SMB,REG-03,2024-01-26,212442.24,661,Active,
CUST-1152,Vanguard Enterprises 96,Government,REG-02,2024-07-02,181693.3,781,Active,
CUST-1153,Starlight Industries 82,Startup,REG-05,2023-06-17,154921.62,659,Active,
CUST-1154,Omni Holdings 13,Startup,REG-02,2023-03-21,117531.31,756,Churned,2024-03-25
CUST-1155,Omni Systems 52,Enterprise,REG-03,2025-07-20,466827.68,689,Active,
CUST-1156,Starlight Enterprises 11,Enterprise,REG-04,2025-09-29,1022676.8,716,Active,
CUST-1157,Vanguard Solutions 77,SMB,REG-05,2025-04-21,251699.54,644,Active,
CUST-1158,Titan Enterprises 80,SMB,REG-05,2023-04-12,274142.56,663,Active,
CUST-1159,Omni Solutions 54,Startup,REG-05,2024-08-31,270505.29,723,Active,
CUST-1160,Nexus Enterprises 11,Startup,REG-02,2024-11-04,81592.09,716,Active,
CUST-1161,Quantum Tech 91,SMB,REG-02,2024-11-25,202175.75,800,Active,
CUST-1162,Horizon Industries 69,Startup,REG-03,2023-10-10,288154.08,753,Active,
CUST-1163,Starlight Enterprises 91,Enterprise,REG-03,2024-02-21,849256.1,836,Churned,2024-06-30
CUST-1164,Vanguard Dynamics 21,Mid-Market,REG-05,2023-02-28,156521.82,693,Active,
CUST-1165,Horizon Tech 64,Startup,REG-02,2024-05-06,174451.3,795,Active,
CUST-1166,Paramount Systems 61,Enterprise,REG-05,2023-07-14,972025.6,810,Churned,2024-05-16
CUST-1167,Paramount Industries 41,Startup,REG-05,2023-02-13,201843.39,663,Active,
CUST-1168,Paramount Dynamics 32,Enterprise,REG-03,2025-05-09,291653.95,710,Active,
CUST-1169,Omni Labs 58,Mid-Market,REG-03,2025-09-20,172278.43,793,Active,
CUST-1170,Paramount Systems 47,SMB,REG-04,2023-10-28,116187.7,620,Active,
CUST-1171,Titan Holdings 37,SMB,REG-05,2025-04-25,273354.46,738,Active,
CUST-1172,Horizon Tech 55,Enterprise,REG-05,2024-04-16,462482.83,710,Churned,2025-01-10
CUST-1173,Nexus Holdings 55,Enterprise,REG-01,2024-03-17,605540.35,641,Active,
CUST-1174,Nexus Holdings 25,Government,REG-01,2023-06-09,436251.42,684,Active,
CUST-1175,Omni Industries 48,SMB,REG-04,2025-07-02,95545.51,827,Active,
CUST-1176,Horizon Labs 30,Mid-Market,REG-03,2025-02-04,348678.09,711,Active,
CUST-1177,Starlight Systems 34,SMB,REG-01,2023-05-17,148636.5,810,Active,
CUST-1178,Apex Solutions 95,Mid-Market,REG-04,2025-09-09,475883.59,688,Churned,2026-08-15
CUST-1179,Paramount Labs 97,Mid-Market,REG-03,2025-02-08,530415.99,845,Active,
CUST-1180,Omni Solutions 24,Enterprise,REG-01,2023-05-10,311099.24,748,Churned,2023-12-07
CUST-1181,Apex Industries 64,Startup,REG-01,2024-03-20,170048.25,692,Active,
CUST-1182,Omni Dynamics 89,Mid-Market,REG-05,2023-07-11,247206.73,816,Churned,2024-02-20
CUST-1183,Starlight Holdings 35,Government,REG-01,2024-12-18,418705.52,776,Active,
CUST-1184,Titan Solutions 39,Enterprise,REG-02,2024-02-15,208570.63,669,Active,
CUST-1185,Omni Tech 88,Mid-Market,REG-01,2025-06-04,138025.45,724,Active,
CUST-1186,Starlight Dynamics 53,Government,REG-04,2023-03-04,319438.66,784,Churned,2023-07-28
CUST-1187,Quantum Industries 45,SMB,REG-04,2023-09-10,129960.22,632,Active,
CUST-1188,Apex Tech 94,SMB,REG-02,2023-10-20,168014.54,775,Churned,2024-04-21
CUST-1189,Quantum Labs 56,SMB,REG-03,2023-04-25,74221.81,623,Active,
CUST-1190,Nexus Industries 56,SMB,REG-05,2024-06-25,201178.45,680,Active,
CUST-1191,Starlight Holdings 21,Enterprise,REG-02,2024-10-06,824764.01,650,Churned,2025-04-11
CUST-1192,Starlight Labs 22,Enterprise,REG-05,2024-09-25,475035.72,805,Active,
CUST-1193,Starlight Digital 29,Enterprise,REG-02,2023-07-16,540935.99,802,Active,
CUST-1194,Paramount Industries 56,Government,REG-01,2025-07-21,286256.59,743,Active,
CUST-1195,Paramount Tech 31,Startup,REG-03,2024-12-14,291871.74,694,Churned,2025-12-28
CUST-1196,Apex Dynamics 60,Government,REG-05,2025-06-10,321069.46,639,Active,
CUST-1197,Paramount Holdings 81,Government,REG-04,2024-09-13,212172.39,667,Churned,2025-09-30
CUST-1198,Starlight Tech 75,Government,REG-05,2024-12-25,414260.62,686,Active,
CUST-1199,Starlight Enterprises 44,Startup,REG-01,2023-06-25,105982.36,756,Active,
CUST-1200,Apex Solutions 45,Mid-Market,REG-03,2025-06-13,544841.73,784,Active,
