transaction_id,transaction_date,revenue,operating_expense,marketing_expense,payroll_expense,operating_profit,cash_flow,budget
FIN-00001,2023-01-01,155633.43,39714.4,19402.92,47393.8,49122.31,54237.98,151165.54
FIN-00002,2023-01-02,202110.88,71475.72,21052.79,49620.98,59961.39,68747.99,219941.73
FIN-00003,2023-01-03,276262.02,100703.91,43447.73,95204.21,36906.17,36656.19,273339.78
FIN-00004,2023-01-04,356916.64,132661.26,42094.59,113928.78,68232.01,60030.28,358277.11
FIN-00005,2023-01-05,297477.73,82972.35,44131.66,93065.55,77308.17,77246.33,310055.03
FIN-00006,2023-01-06,250404.38,69196.83,34502.39,65514.49,81190.67,81967.9,240417.09
FIN-00007,2023-01-07,193374.16,76062.16,37191.39,61945.89,18174.72,15640.73,186864.72
FIN-00008,2023-01-08,207993.18,52093.94,32800.56,42202.61,80896.07,71403.97,209985.27
FIN-00009,2023-01-09,284601.93,105937.66,32288.05,94822.67,51553.55,53872.43,306476.93
FIN-00010,2023-01-10,284598.19,74323.35,50575.29,94205.71,65493.84,74192.55,287604.11
FIN-00011,2023-01-11,214333.19,55431.5,22463.11,56967.7,79470.88,76129.07,219879.9
FIN-00012,2023-01-12,226702.51,78438.66,30842.98,52234.62,65186.25,58975.76,221825.38
FIN-00013,2023-01-13,215550.76,79257.74,38815.26,51182.49,46295.27,53092.82,217035.13
FIN-00014,2023-01-14,367371.92,125586.63,54095.05,125580.21,62110.03,59233.15,377167.84
FIN-00015,2023-01-15,199931.31,74620.84,32046.91,44168.58,49094.98,42181.65,216829.81
FIN-00016,2023-01-16,359503.67,101366.57,55750.81,78462.56,123923.73,109956.79,349974.62
FIN-00017,2023-01-17,279820.51,80490.79,42330.17,72155.2,84844.35,92686.69,294232.14
FIN-00018,2023-01-18,219309.68,78582.99,39065.34,75828.61,25832.74,22594.58,236145.8
FIN-00019,2023-01-19,252015.44,93999.81,33173.92,76466.08,48375.63,48732.06,255023.14
FIN-00020,2023-01-20,137493.13,44889.35,21689.12,31374.03,39540.63,34232.7,145169.09
FIN-00021,2023-01-21,333400.53,97486.6,40125.64,99081.66,96706.63,110632.53,354781.38
FIN-00022,2023-01-22,171825.01,52807.14,31962.86,36634.35,50420.66,52630.44,174697.51
FIN-00023,2023-01-23,156373.03,45938.47,29684.2,43949.11,36801.25,39388.6,150631.71
FIN-00024,2023-01-24,158846.39,53858.37,23728.55,54857.53,26401.94,25216.2,158997.3
FIN-00025,2023-01-25,188012.75,54197.34,25072.63,56015.04,52727.74,51744.77,194591.18
FIN-00026,2023-01-26,129723.43,43486.04,19896.35,45393.15,20947.89,19000.11,136570.12
FIN-00027,2023-01-27,240967.28,83029.39,43630.59,68314.87,45992.43,43775.73,247363.1
FIN-00028,2023-01-28,158736.8,52017.89,16734.39,32121.86,57862.66,52988.39,156276.57
FIN-00029,2023-01-29,161725.14,42510.51,16843.07,55680.59,46690.97,53211.07,162038.48
FIN-00030,2023-01-30,164032.56,57713.76,26258.51,34333.59,45726.7,46446.74,161577.48
FIN-00031,2023-01-31,348244.0,116485.21,56013.19,105282.36,70463.24,61119.42,337240.6
FIN-00032,2023-02-01,211088.35,77072.74,42164.5,48897.7,42953.41,44405.45,229390.24
FIN-00033,2023-02-02,208031.32,54508.38,37657.99,46516.73,69348.22,65877.48,220055.16
FIN-00034,2023-02-03,185795.2,59159.02,37044.51,51531.38,38060.29,39408.33,196110.35
FIN-00035,2023-02-04,218729.74,80244.05,23987.46,56582.84,57915.39,54708.92,226279.72
FIN-00036,2023-02-05,132536.78,42128.31,21745.35,33914.05,34749.07,34716.53,136437.2
FIN-00037,2023-02-06,114421.12,34538.45,22864.56,29984.91,27033.2,24136.0,113268.3
FIN-00038,2023-02-07,364564.22,98167.07,55229.39,126315.1,84852.66,95630.87,380693.67
FIN-00039,2023-02-08,106547.87,39146.68,15463.02,35984.25,15953.92,15377.63,102843.29
FIN-00040,2023-02-09,227741.85,59721.16,35679.39,77748.2,54593.1,58877.04,250145.97
FIN-00041,2023-02-10,273918.73,72683.09,46532.06,86676.09,68027.49,73393.65,280881.89
FIN-00042,2023-02-11,206543.7,67945.35,22458.85,67160.77,48978.73,55999.16,197331.47
FIN-00043,2023-02-12,151361.58,51402.49,27276.75,35314.33,37368.01,33960.64,162934.8
FIN-00044,2023-02-13,185756.29,52568.06,29017.42,43259.85,60910.96,58265.54,202533.01
FIN-00045,2023-02-14,137145.17,35858.6,25188.18,43913.74,32184.65,27528.8,133385.59
FIN-00046,2023-02-15,229788.13,59810.1,45004.95,77486.6,47486.48,50899.34,237412.44
FIN-00047,2023-02-16,223688.02,84116.82,42494.55,75220.65,21856.0,20393.5,228405.34
FIN-00048,2023-02-17,357108.69,112682.76,45287.88,74292.16,124845.89,127540.44,388238.37
FIN-00049,2023-02-18,43882.27,11603.68,4851.63,14135.02,13291.94,12935.0,45319.68
FIN-00050,2023-02-19,221040.16,68340.04,23268.74,51158.88,78272.5,66763.73,227832.24
FIN-00051,2023-02-20,188141.99,47238.89,29392.76,50309.05,61201.29,67538.01,206422.62
FIN-00052,2023-02-21,251990.66,64598.66,35091.83,86070.47,66229.7,63584.59,265843.2
FIN-00053,2023-02-22,199716.64,63577.89,21485.43,66589.42,48063.9,50823.59,196207.41
FIN-00054,2023-02-23,150623.43,43125.08,18482.63,40738.1,48277.62,43196.99,153248.16
FIN-00055,2023-02-24,186397.19,60713.99,21395.45,61987.16,42300.59,43458.3,195559.66
FIN-00056,2023-02-25,145648.67,53965.78,24140.84,42838.47,24703.58,27411.06,153231.49
FIN-00057,2023-02-26,191235.25,58027.59,35595.8,59528.05,38083.81,37701.92,190265.59
FIN-00058,2023-02-27,162747.56,58474.39,16525.58,56398.64,31348.95,33832.74,175414.93
FIN-00059,2023-02-28,177541.82,51773.7,33703.33,38146.39,53918.4,51993.06,192614.61
FIN-00060,2023-03-01,364485.97,95435.03,67939.28,113093.45,88018.21,95366.2,389888.06
FIN-00061,2023-03-02,242539.07,61855.72,38379.33,63631.66,78672.36,86363.1,236441.16
FIN-00062,2023-03-03,254763.56,76584.31,46455.88,75187.26,56536.11,52350.94,261601.6
FIN-00063,2023-03-04,117782.86,34872.76,19974.45,33587.54,29348.11,24974.27,125909.73
FIN-00064,2023-03-05,244004.51,74203.51,48218.53,59635.05,61947.42,65014.5,245727.85
FIN-00065,2023-03-06,231641.87,60335.97,32580.42,51677.91,87047.57,84364.31,254228.25
FIN-00066,2023-03-07,416491.05,131129.71,55233.67,109520.8,120606.87,104076.56,418692.93
FIN-00067,2023-03-08,300926.32,117740.69,58530.33,87765.55,36889.75,41551.03,303102.83
FIN-00068,2023-03-09,339286.27,108695.5,57647.93,97622.53,75320.31,64104.58,361366.87
FIN-00069,2023-03-10,115930.15,33828.38,12761.49,32800.37,36539.91,37971.07,115068.68
FIN-00070,2023-03-11,75153.08,23596.65,9755.88,26252.68,15547.87,15026.32,72400.79
FIN-00071,2023-03-12,204123.82,63541.33,21913.74,62238.78,56429.97,56378.25,196765.73
FIN-00072,2023-03-13,176158.73,48261.91,32591.9,42895.92,52409.0,47012.26,175184.16
FIN-00073,2023-03-14,88061.07,28699.93,10520.14,18267.68,30573.32,28648.73,87304.77
FIN-00074,2023-03-15,98523.62,29205.96,18971.72,33577.22,16768.72,16085.9,102835.56
FIN-00075,2023-03-16,58478.78,22541.36,9379.82,16401.22,10156.38,11602.4,56953.14
FIN-00076,2023-03-17,455448.61,115136.07,50837.93,155537.72,133936.89,139186.62,450927.57
FIN-00077,2023-03-18,251158.8,93441.46,48268.43,60746.72,48702.19,45522.63,242818.43
FIN-00078,2023-03-19,289081.47,112369.07,36505.86,87218.32,52988.22,59256.46,285348.07
FIN-00079,2023-03-20,90770.46,35132.6,14225.53,18285.14,23127.19,20572.77,90004.79
FIN-00080,2023-03-21,286019.51,106190.37,46480.75,77475.26,55873.13,55849.15,272353.1
FIN-00081,2023-03-22,159588.39,50911.29,31210.72,37405.02,40061.36,34950.42,168969.67
FIN-00082,2023-03-23,186283.21,71224.59,29218.72,61035.52,24804.38,28027.77,183328.56
FIN-00083,2023-03-24,104569.29,31408.04,13657.3,35189.18,24314.77,24760.57,100083.89
FIN-00084,2023-03-25,172887.25,50653.53,27581.57,53098.22,41553.93,47106.02,183609.46
FIN-00085,2023-03-26,194695.73,56987.2,20148.31,48804.94,68755.28,60982.46,199710.0
FIN-00086,2023-03-27,344623.88,113985.06,43679.57,70926.25,116033.0,99734.75,335350.12
FIN-00087,2023-03-28,255790.9,78904.93,36044.67,72688.34,68152.96,60393.71,262939.94
FIN-00088,2023-03-29,165540.88,65480.42,25726.19,44667.6,29666.67,29796.23,171835.93
FIN-00089,2023-03-30,90077.71,25000.98,14200.3,21838.64,29037.79,31400.98,85879.69
FIN-00090,2023-03-31,331330.11,118886.69,37385.87,111108.43,63949.12,61884.62,330742.47
FIN-00091,2023-04-01,228774.12,71131.26,42623.61,48574.85,66444.4,76253.36,238058.25
FIN-00092,2023-04-02,79256.34,19934.43,8413.43,16023.29,34885.19,37218.65,78825.82
FIN-00093,2023-04-03,180463.64,66306.44,19232.34,50777.18,44147.68,42095.58,173356.96
FIN-00094,2023-04-04,167220.72,66248.78,31750.34,53606.36,15615.24,15254.6,164588.89
FIN-00095,2023-04-05,274002.57,70073.1,28306.16,92960.03,82663.28,88191.34,273735.93
FIN-00096,2023-04-06,175872.66,46832.03,25497.01,59831.2,43712.42,41314.59,171986.35
FIN-00097,2023-04-07,355301.75,132969.98,55975.65,118252.4,48103.72,52043.66,345958.87
FIN-00098,2023-04-08,254665.37,67886.05,32103.82,59679.28,94996.22,99981.02,247414.99
FIN-00099,2023-04-09,208129.46,59110.15,24845.9,61769.01,62404.4,68229.57,223181.58
FIN-00100,2023-04-10,136679.61,35628.7,18441.17,39086.53,43523.21,43373.83,149488.55
